cluster_id,source_continent,cluster_root_date,cluster_root_absolute_time,cluster_size,first_tip_date,last_tip_date,tip_names,tip_dates
cluster_001,Asia,1999-08-11,1999.61031,3,2004-04-15,2008-05-14,PP_003BGA7.1/2004-04-15/North_America/456/D4;PP_0037QGV.1/2006-04-29/North_America/456/D4;PP_0037G9H.1/2008-05-14/North_America/450/D4,2004-04-15;2006-04-29;2008-05-14
cluster_002,Asia,2003-05-14,2003.367123,1,2003-05-14,2003-05-14,PP_003BG99.1/2003-05-15/North_America/456/D5,2003-05-15
cluster_003,Asia,2004-05-14,2004.368852,1,2004-05-14,2004-05-14,PP_003BGB5.1/2004-05-15/North_America/456/H1,2004-05-15
cluster_004,Europe,2005-06-15,2005.453294,1,2006-04-14,2006-04-14,PP_003B2ED.1/2006-04-15/North_America/456/D4,2006-04-15
cluster_005,Africa,2005-10-14,2005.786301,1,2005-10-14,2005-10-14,PP_003BGEZ.1/2005-10-15/North_America/456/B2,2005-10-15
cluster_006,Africa,2005-12-15,2005.953425,1,2005-12-15,2005-12-15,PP_003BGFX.1/2005-12-15/North_America/456/B3,2005-12-15
cluster_007,Oceania,2006-05-24,2006.394521,1,2006-05-24,2006-05-24,PP_003B2DF.1/2006-05-25/North_America/456/D8,2006-05-25
cluster_008,Europe,2007-04-23,2007.306849,1,2007-04-23,2007-04-23,PP_0037QB5.1/2007-04-23/North_America/456/D4,2007-04-23
cluster_009,Asia,2007-05-29,2007.406821,4,2008-02-04,2008-05-29,PP_0037C13.1/2008-02-04/North_America/456/D5;PP_0037C21.1/2008-02-28/North_America/456/D5;PP_0037C7R.1/2008-04-25/North_America/456/D5;PP_0037FX7.1/2008-05-30/North_America/450/D5,2008-02-04;2008-02-28;2008-04-25;2008-05-30
cluster_010,Europe,2007-06-26,2007.484845,2,2007-08-13,2007-09-18,PP_0037QC3.1/2007-08-14/North_America/456/D4;PP_0037QD1.1/2007-09-18/North_America/456/D4,2007-08-14;2007-09-18
cluster_011,Europe,2007-10-22,2007.807813,4,2009-02-20,2011-04-14,PP_0037S1P.1/2009-02-20/North_America/450/D8;PP_0038GUA.1/2010-03-15/North_America/456/D8;PP_0039GJU.1/2011-03-15/North_America/450/D8;PP_0039GTA.1/2011-04-15/North_America/450/D8,2009-02-20;2010-03-15;2011-03-15;2011-04-15
cluster_012,Europe,2008-02-01,2008.085287,2,2008-04-01,2009-02-26,PP_0037C4X.1/2008-04-01/North_America/456/D4;PP_003CC7F.1/2009-02-26/North_America/456/D4,2008-04-01;2009-02-26
cluster_013,Europe,2008-04-01,2008.251366,1,2008-04-01,2008-04-01,PP_0037C3Z.1/2008-04-02/North_America/456/D4,2008-04-02
cluster_014,Europe,2008-04-21,2008.303476,1,2008-07-08,2008-07-08,PP_0037JW6.1/2008-07-08/North_America/456/D5,2008-07-08
cluster_015,Europe,2008-10-25,2008.814623,2,2008-12-11,2008-12-12,PP_0037QLL.1/2008-12-12/North_America/450/D4;PP_0037QKN.1/2008-12-13/North_America/450/D4,2008-12-12;2008-12-13
cluster_016,Asia,2008-11-13,2008.86732,1,2009-03-25,2009-03-25,PP_0037SB3.1/2009-03-25/North_America/450/D8,2009-03-25
cluster_017,Europe,2008-12-08,2008.934605,13,2009-02-05,2015-01-14,PP_00380ZG.1/2009-02-06/North_America/450/D4;PP_00380DP.1/2009-05-20/North_America/450/D4;PP_00380GH.1/2009-05-25/North_America/450/D4;PP_003810E.1/2009-06-15/North_America/450/D4;PP_003CC6H.1/2009-07-05/North_America/456/D4;PP_003NFMW.1/2011-02-04/North_America/15900/D4;PP_003NF8P.1/2011-04-26/North_America/15900/D4;PP_003NEXB.1/2011-05-12/North_America/15900/D4;PP_003NEFA.1/2011-05-29/North_America/15900/D4;PP_0039TLD.1/2011-06-15/North_America/450/D4;PP_0039ZUR.1/2011-06-15/North_America/456/D4;PP_003NDK2.1/2011-06-21/North_America/15900/D4;PP_003DHXT.1/2015-01-15/North_America/450/D4,2009-02-06;2009-05-20;2009-05-25;2009-06-15;2009-07-05;2011-02-04;2011-04-26;2011-05-12;2011-05-29;2011-06-15;2011-06-15;2011-06-21;2015-01-15
cluster_018,Asia,2009-04-19,2009.29654,1,2010-03-15,2010-03-15,PP_0038KT9.1/2010-03-15/North_America/450/D8,2010-03-15
cluster_019,Asia,2009-05-08,2009.350685,1,2009-05-08,2009-05-08,PP_00380FK.1/2009-05-09/North_America/450/H1,2009-05-09
cluster_020,Africa,2009-06-27,2009.484932,1,2009-06-27,2009-06-27,PP_00384J8.1/2009-06-27/North_America/450/B3,2009-06-27
cluster_021,Europe,2009-07-04,2009.506849,1,2009-07-04,2009-07-04,PP_00380XL.1/2009-07-05/North_America/450/D4,2009-07-05
cluster_022,Europe,2009-09-19,2009.715344,2,2010-02-15,2011-06-15,PP_0038GQJ.1/2010-02-15/North_America/450/D4;PP_0039TWT.1/2011-06-15/North_America/453/D4,2010-02-15;2011-06-15
cluster_023,Europe,2009-12-18,2009.961644,1,2009-12-18,2009-12-18,PP_0038GTC.1/2009-12-18/North_America/450/D4,2009-12-18
cluster_024,Asia,2010-01-22,2010.058548,1,2010-05-14,2010-05-14,PP_003AN0P.1/2010-05-15/North_America/456/D9,2010-05-15
cluster_025,Asia,2010-02-02,2010.087671,1,2010-02-02,2010-02-02,PP_0038EZ2.1/2010-02-02/North_America/456/D4,2010-02-02
cluster_026,Europe,2010-02-04,2010.09589,1,2010-02-04,2010-02-04,PP_0038GRG.1/2010-02-05/North_America/450/B3,2010-02-05
cluster_027,Europe,2010-03-18,2010.208617,122,2010-04-14,2012-04-15,PP_0038KSB.1/2010-04-15/North_America/456/D4;PP_00397VF.1/2011-01-15/North_America/455/D4;PP_0039H0W.1/2011-01-15/North_America/450/D4;PP_0039H7G.1/2011-01-15/North_America/450/D4;PP_003NFNU.1/2011-02-05/North_America/15900/D4;PP_003NFUG.1/2011-02-10/North_America/15900/D4;PP_00398Y8.1/2011-02-15/North_America/455/D4;PP_0039912.1/2011-02-15/North_America/456/D4;PP_0039920.1/2011-02-15/North_America/453/D4;PP_003993Y.1/2011-02-15/North_America/456/D4;PP_0039BG4.1/2011-02-15/North_America/455/D4;PP_003NFTJ.1/2011-02-18/North_America/15900/D4;PP_003NFLY.1/2011-02-21/North_America/15900/D4;PP_0039BKX.1/2011-03-15/North_America/455/D4;PP_0039GSC.1/2011-03-15/North_America/450/D4;PP_003AFT9.1/2011-03-15/North_America/456/D4;PP_003NFJ2.1/2011-03-16/North_America/15900/D4;PP_003NFH4.1/2011-04-01/North_America/15900/D4;PP_0039CNQ.1/2011-04-15/North_America/453/D4;PP_0039CPN.1/2011-04-15/North_America/456/D4;PP_0039CQL.1/2011-04-15/North_America/456/D4;PP_0039CRJ.1/2011-04-15/North_America/455/D4;PP_0039CTE.1/2011-04-15/North_America/456/D4;PP_0039CUC.1/2011-04-15/North_America/456/D4;PP_0039GRE.1/2011-04-15/North_America/450/D4;PP_0039GY0.1/2011-04-15/North_America/450/D4;PP_0039LA7.1/2011-04-15/North_America/456/D4;PP_0039LC3.1/2011-04-15/North_America/455/D4;PP_0039LW0.1/2011-04-15/North_America/456/D4;PP_003NFCF.1/2011-04-24/North_America/15900/D4;PP_003NFBH.1/2011-05-01/North_America/15900/D4;PP_003NFAK.1/2011-05-02/North_America/15900/D4;PP_003NF3Z.1/2011-05-04/North_America/15900/D4;PP_003NF6T.1/2011-05-05/North_America/15900/D4;PP_003NF5V.1/2011-05-07/North_America/15900/D4;PP_0039LHS.1/2011-05-15/North_America/456/D4;PP_0039LJQ.1/2011-05-15/North_America/456/D4;PP_0039LQC.1/2011-05-15/North_America/455/D4;PP_0039LRA.1/2011-05-15/North_America/456/D4;PP_0039LT6.1/2011-05-15/North_America/450/D4;PP_0039LYW.1/2011-05-15/North_America/456/D4;PP_0039LZU.1/2011-05-15/North_America/456/D4;PP_0039M3L.1/2011-05-15/North_America/456/D4;PP_0039M5G.1/2011-05-15/North_America/456/D4;PP_0039M6E.1/2011-05-15/North_America/456/D4;PP_0039M7C.1/2011-05-15/North_America/455/D4;PP_0039MB4.1/2011-05-15/North_America/455/D4;PP_0039MC2.1/2011-05-15/North_America/453/D4;PP_0039MS7.1/2011-05-15/North_America/456/D4;PP_0039MT5.1/2011-05-15/North_America/456/D4;PP_0039MV1.1/2011-05-15/North_America/456/D4;PP_0039TFQ.1/2011-05-15/North_America/450/D4;PP_0039TGN.1/2011-05-15/North_America/450/D4;PP_0039THK.1/2011-05-15/North_America/450/D4;PP_0039TMB.1/2011-05-15/North_America/450/D4;PP_0039TP7.1/2011-05-15/North_America/450/D4;PP_0039TUX.1/2011-05-15/North_America/450/D4;PP_0039WZJ.1/2011-05-15/North_America/456/D4;PP_0039RT1.1/2011-05-17/North_America/456/D4;PP_0039RZP.1/2011-05-17/North_America/456/D4;PP_0039S5B.1/2011-05-19/North_America/456/D4;PP_003NESM.1/2011-05-23/North_America/15900/D4;PP_003NEEC.1/2011-05-24/North_America/15900/D4;PP_003NEMX.1/2011-05-24/North_America/15900/D4;PP_003NEPT.1/2011-05-24/North_America/15900/D4;PP_003NEK1.1/2011-05-27/North_America/15900/D4;PP_003NECG.1/2011-05-29/North_America/15900/D4;PP_003NEG8.1/2011-05-29/North_America/15900/D4;PP_003NEJ3.1/2011-05-29/North_America/15900/D4;PP_003NEH5.1/2011-05-30/North_America/15900/D4;PP_003NEAL.1/2011-06-01/North_America/15900/D4;PP_003NE30.1/2011-06-07/North_America/15900/D4;PP_003NEBJ.1/2011-06-07/North_America/15900/D4;PP_003NE7S.1/2011-06-10/North_America/15900/D4;PP_003NDRQ.1/2011-06-14/North_America/15900/D4;PP_0039MYV.1/2011-06-15/North_America/456/D4;PP_0039N0R.1/2011-06-15/North_America/455/D4;PP_0039N2M.1/2011-06-15/North_America/455/D4;PP_0039N4H.1/2011-06-15/North_America/456/D4;PP_0039TYP.1/2011-06-15/North_America/450/D4;PP_0039U2F.1/2011-06-15/North_America/450/D4;PP_0039U3D.1/2011-06-15/North_America/450/D4;PP_0039W3B.1/2011-06-15/North_America/456/D4;PP_0039WBV.1/2011-06-15/North_America/456/D4;PP_0039WGK.1/2011-06-15/North_America/456/D4;PP_0039WHG.1/2011-06-15/North_America/456/D4;PP_0039WLA.1/2011-06-15/North_America/456/D4;PP_0039WXN.1/2011-06-15/North_America/456/D4;PP_0039WYL.1/2011-06-15/North_America/456/D4;PP_0039X1E.1/2011-06-15/North_America/456/D4;PP_0039X3A.1/2011-06-15/North_America/456/D4;PP_0039X64.1/2011-06-15/North_America/456/D4;PP_0039X72.1/2011-06-15/North_America/456/D4;PP_0039XAW.1/2011-06-15/North_America/456/D4;PP_0039XBU.1/2011-06-15/North_America/456/D4;PP_0039XFL.1/2011-06-15/North_America/456/D4;PP_0039XGJ.1/2011-06-15/North_America/456/D4;PP_0039XJD.1/2011-06-15/North_America/456/D4;PP_0039XKB.1/2011-06-15/North_America/456/D4;PP_0039XM7.1/2011-06-15/North_America/456/D4;PP_0039XN5.1/2011-06-15/North_America/456/D4;PP_0039ZVP.1/2011-06-15/North_America/456/D4;PP_003NE06.1/2011-06-16/North_America/15900/D4;PP_003NE14.1/2011-06-17/North_America/15900/D4;PP_003NDZ8.1/2011-06-18/North_America/15900/D4;PP_003NDXC.1/2011-06-20/North_America/15900/D4;PP_003NDWE.1/2011-06-21/North_America/15900/D4;PP_003NDL0.1/2011-06-23/North_America/15900/D4;PP_003NDMY.1/2011-06-26/North_America/15900/D4;PP_003NDJ4.1/2011-06-27/North_America/15900/D4;PP_003NDCH.1/2011-07-10/North_America/15900/D4;PP_0039U75.1/2011-07-15/North_America/450/D4;PP_0039WUU.1/2011-07-15/North_America/456/D4;PP_003ADNM.1/2011-07-15/North_America/450/D4;PP_003NDBK.1/2011-07-20/North_America/15900/D4;PP_003NDAM.1/2011-07-27/North_America/15900/D4;PP_003ADMP.1/2011-08-15/North_America/450/D4;PP_003ND6V.1/2011-09-24/North_America/15900/D4;PP_003AMJM.1/2011-10-15/North_America/450/D4;PP_003ANT2.1/2012-04-15/North_America/457/D4;PP_003ANU0.1/2012-04-15/North_America/456/D4;PP_003ANYS.1/2012-04-15/North_America/456/D4,2010-04-15;2011-01-15;2011-01-15;2011-01-15;2011-02-05;2011-02-10;2011-02-15;2011-02-15;2011-02-15;2011-02-15;2011-02-15;2011-02-18;2011-02-21;2011-03-15;2011-03-15;2011-03-15;2011-03-16;2011-04-01;2011-04-15;2011-04-15;2011-04-15;2011-04-15;2011-04-15;2011-04-15;2011-04-15;2011-04-15;2011-04-15;2011-04-15;2011-04-15;2011-04-24;2011-05-01;2011-05-02;2011-05-04;2011-05-05;2011-05-07;2011-05-15;2011-05-15;2011-05-15;2011-05-15;2011-05-15;2011-05-15;2011-05-15;2011-05-15;2011-05-15;2011-05-15;2011-05-15;2011-05-15;2011-05-15;2011-05-15;2011-05-15;2011-05-15;2011-05-15;2011-05-15;2011-05-15;2011-05-15;2011-05-15;2011-05-15;2011-05-15;2011-05-17;2011-05-17;2011-05-19;2011-05-23;2011-05-24;2011-05-24;2011-05-24;2011-05-27;2011-05-29;2011-05-29;2011-05-29;2011-05-30;2011-06-01;2011-06-07;2011-06-07;2011-06-10;2011-06-14;2011-06-15;2011-06-15;2011-06-15;2011-06-15;2011-06-15;2011-06-15;2011-06-15;2011-06-15;2011-06-15;2011-06-15;2011-06-15;2011-06-15;2011-06-15;2011-06-15;2011-06-15;2011-06-15;2011-06-15;2011-06-15;2011-06-15;2011-06-15;2011-06-15;2011-06-15;2011-06-15;2011-06-15;2011-06-15;2011-06-15;2011-06-15;2011-06-16;2011-06-17;2011-06-18;2011-06-20;2011-06-21;2011-06-23;2011-06-26;2011-06-27;2011-07-10;2011-07-15;2011-07-15;2011-07-15;2011-07-20;2011-07-27;2011-08-15;2011-09-24;2011-10-15;2012-04-15;2012-04-15;2012-04-15
cluster_028,Asia,2010-03-19,2010.210959,1,2010-03-19,2010-03-19,PP_0038GPL.1/2010-03-19/North_America/456/H1,2010-03-19
cluster_029,Asia,2010-04-20,2010.30053,1,2011-09-15,2011-09-15,PP_003AKZT.1/2011-09-15/North_America/456/D9,2011-09-15
cluster_030,Asia,2010-05-02,2010.334247,1,2010-05-02,2010-05-02,PP_003B2CH.1/2010-05-03/North_America/456/H1,2010-05-03
cluster_031,Africa,2010-05-06,2010.344695,3,2010-08-15,2012-02-14,PP_00390QY.1/2010-08-15/North_America/456/B3;PP_003AN4F.1/2012-01-15/North_America/456/B3;PP_003AN87.1/2012-02-15/North_America/456/B3,2010-08-15;2012-01-15;2012-02-15
cluster_032,Asia,2010-05-14,2010.367123,1,2010-05-14,2010-05-14,PP_0038WER.1/2010-05-15/North_America/450/D9,2010-05-15
cluster_033,Africa,2010-06-15,2010.452055,1,2010-06-15,2010-06-15,PP_0038LSA.1/2010-06-15/North_America/456/B3,2010-06-15
cluster_034,Europe,2010-06-15,2010.45427,1,2010-11-15,2010-11-15,PP_0039H6J.1/2010-11-15/North_America/450/B3,2010-11-15
cluster_035,Africa,2010-07-09,2010.520101,1,2010-08-15,2010-08-15,PP_0038VZM.1/2010-08-15/North_America/456/B3,2010-08-15
cluster_036,Africa,2010-07-27,2010.567603,6,2011-03-15,2012-11-14,PP_0039GF1.1/2011-03-15/North_America/450/B3;PP_0039GLQ.1/2011-03-15/North_America/450/B3;PP_0039GZY.1/2011-03-15/North_America/450/B3;PP_003ANR6.1/2011-03-15/North_America/457/B3;PP_0039U4B.1/2011-06-15/North_America/450/B3;PP_003AZAS.1/2012-11-15/North_America/450/B3,2011-03-15;2011-03-15;2011-03-15;2011-03-15;2011-06-15;2012-11-15
cluster_037,Europe,2010-08-15,2010.619178,1,2010-08-15,2010-08-15,PP_003AL4H.1/2010-08-15/North_America/450/D4,2010-08-15
cluster_038,Asia,2010-08-25,2010.649144,3,2010-12-15,2011-02-15,PP_00395MZ.1/2010-12-15/North_America/456/D9;PP_00395RR.1/2010-12-15/North_America/456/D9;PP_0039HC6.1/2011-02-15/North_America/450/D9,2010-12-15;2010-12-15;2011-02-15
cluster_039,Asia,2010-09-15,2010.70411,1,2010-09-15,2010-09-15,PP_003AL3K.1/2010-09-15/North_America/450/D9,2010-09-15
cluster_040,Europe,2010-09-19,2010.717044,2,2010-10-14,2010-10-14,PP_00390XJ.1/2010-10-15/North_America/455/G3;PP_003BG7D.1/2010-10-15/North_America/456/G3,2010-10-15;2010-10-15
cluster_041,Europe,2010-12-11,2010.943359,1,2011-02-15,2011-02-15,PP_0039GD5.1/2011-02-15/North_America/450/D4,2011-02-15
cluster_042,Oceania,2010-12-15,2010.953425,1,2010-12-15,2010-12-15,PP_003AL5F.1/2010-12-15/North_America/450/D8,2010-12-15
cluster_043,Europe,2010-12-16,2010.957327,6,2011-02-15,2011-06-15,PP_00398Z6.1/2011-02-15/North_America/455/D4;PP_0039LNG.1/2011-05-15/North_America/456/D4;PP_0039M2N.1/2011-05-15/North_America/453/D4;PP_0039WM8.1/2011-06-15/North_America/456/D4;PP_0039XEN.1/2011-06-15/North_America/456/D4;PP_003NDVG.1/2011-06-15/North_America/15900/D4,2011-02-15;2011-05-15;2011-05-15;2011-06-15;2011-06-15;2011-06-15
cluster_044,Africa,2011-02-15,2011.123288,1,2011-02-15,2011-02-15,PP_0039HB8.1/2011-02-15/North_America/450/B3,2011-02-15
cluster_045,Asia,2011-02-27,2011.157159,3,2011-06-15,2011-09-15,PP_003ADD6.1/2011-06-15/North_America/450/D9;PP_003ADF2.1/2011-09-15/North_America/450/D9;PP_003AESC.1/2011-09-15/North_America/450/D9,2011-06-15;2011-09-15;2011-09-15
cluster_046,Africa,2011-03-10,2011.187451,3,2011-09-21,2013-05-14,PP_0039Y9X.1/2011-09-22/North_America/456/B3;PP_003AN6B.1/2012-01-15/North_America/456/B3;PP_003BHB4.1/2013-05-15/North_America/450/B3,2011-09-22;2012-01-15;2013-05-15
cluster_047,Europe,2011-03-12,2011.192152,2,2011-04-14,2011-06-15,PP_003ADC8.1/2011-04-15/North_America/450/D4;PP_0039U0K.1/2011-06-15/North_America/450/D4,2011-04-15;2011-06-15
cluster_048,Europe,2011-03-15,2011.2,1,2011-03-15,2011-03-15,PP_0039GPJ.1/2011-03-15/North_America/450/D4,2011-03-15
cluster_049,Europe,2011-03-19,2011.212471,2,2011-04-14,2011-04-14,PP_0039BMT.1/2011-04-15/North_America/456/D9;PP_0039BNR.1/2011-04-15/North_America/456/D9,2011-04-15;2011-04-15
cluster_050,Europe,2011-03-26,2011.230444,1,2011-05-14,2011-05-14,PP_0039T92.1/2011-05-15/North_America/450/G3,2011-05-15
cluster_051,Africa,2011-03-29,2011.238726,4,2011-06-15,2011-11-15,PP_0039TZM.1/2011-06-15/North_America/450/D4;PP_0039U1H.1/2011-06-15/North_America/450/D4;PP_003CGEX.1/2011-08-02/North_America/623/D4;PP_003ADRF.1/2011-11-15/North_America/450/D4,2011-06-15;2011-06-15;2011-08-02;2011-11-15
cluster_052,Europe,2011-04-13,2011.279452,1,2011-04-13,2011-04-13,PP_003NFEB.1/2011-04-13/North_America/15900/D4,2011-04-13
cluster_053,Europe,2011-04-14,2011.284932,1,2011-04-14,2011-04-14,PP_0039CVA.1/2011-04-15/North_America/456/D4,2011-04-15
cluster_054,Asia,2011-04-14,2011.284932,1,2011-04-14,2011-04-14,PP_0039GQG.1/2011-04-15/North_America/450/D8,2011-04-15
cluster_055,Asia,2011-05-14,2011.367123,1,2011-05-14,2011-05-14,PP_003AL1P.1/2011-05-15/North_America/456/D9,2011-05-15
cluster_056,Europe,2011-05-24,2011.393953,2,2011-06-15,2011-06-16,PP_0039WDR.1/2011-06-15/North_America/456/D4;PP_003NDYA.1/2011-06-17/North_America/15900/D4,2011-06-15;2011-06-17
cluster_057,Europe,2011-05-27,2011.4,1,2011-05-27,2011-05-27,PP_003NFQQ.1/2011-05-27/North_America/15900/D4,2011-05-27
cluster_058,Asia,2011-06-15,2011.452055,1,2011-06-15,2011-06-15,PP_0039N5F.1/2011-06-15/North_America/455/D4,2011-06-15
cluster_059,Africa,2011-07-15,2011.53492,1,2011-11-09,2011-11-09,PP_003A1WH.1/2011-11-09/North_America/456/D4,2011-11-09
cluster_060,Europe,2011-08-15,2011.619178,1,2011-08-15,2011-08-15,PP_0039YBT.1/2011-08-15/North_America/456/D8,2011-08-15
cluster_061,Asia,2011-08-15,2011.619178,1,2011-08-15,2011-08-15,PP_003ADJV.1/2011-08-15/North_America/450/D9,2011-08-15
cluster_062,Asia,2011-08-19,2011.630477,2,2011-09-15,2012-04-15,PP_003ADKT.1/2011-09-15/North_America/450/D9;PP_003AMYT.1/2012-04-15/North_America/457/D9,2011-09-15;2012-04-15
cluster_063,Europe,2012-01-14,2012.036795,11,2012-06-15,2014-04-14,PP_003AP1L.1/2012-06-15/North_America/456/D8;PP_003AYYG.1/2012-07-15/North_America/456/D8;PP_003AZ1A.1/2012-09-15/North_America/453/D8;PP_003BDPH.1/2013-04-15/North_America/450/D8;PP_003BDSB.1/2013-04-15/North_America/450/D8;PP_003BDV5.1/2013-04-15/North_America/450/D8;PP_003BDX1.1/2013-05-15/North_America/450/D8;PP_003BH8A.1/2013-06-15/North_America/450/D8;PP_003BPBY.1/2013-09-15/North_America/450/D8;PP_003CUK8.1/2014-04-15/North_America/450/D8;PP_003CUN2.1/2014-04-15/North_America/450/D8,2012-06-15;2012-07-15;2012-09-15;2013-04-15;2013-04-15;2013-04-15;2013-05-15;2013-06-15;2013-09-15;2014-04-15;2014-04-15
cluster_064,Europe,2012-02-14,2012.122951,1,2012-02-14,2012-02-14,PP_003AN95.1/2012-02-15/North_America/456/B3,2012-02-15
cluster_065,Asia,2012-05-14,2012.368852,1,2012-05-14,2012-05-14,PP_003AGKQ.1/2012-05-15/North_America/456/B3,2012-05-15
cluster_066,Europe,2012-06-16,2012.457971,2,2012-09-15,2012-10-03,PP_003AZ8W.1/2012-09-15/North_America/453/D8;PP_003AUEP.1/2012-10-04/North_America/456/D8,2012-09-15;2012-10-04
cluster_067,Europe,2012-06-30,2012.49615,1,2012-08-14,2012-08-14,PP_003AYZE.1/2012-08-15/North_America/453/D8,2012-08-15
cluster_068,Oceania,2013-01-19,2013.049534,1,2013-04-14,2013-04-14,PP_003BEGX.1/2013-04-15/North_America/450/D8,2013-04-15
cluster_069,Oceania,2013-02-03,2013.090411,1,2013-02-03,2013-02-03,PP_003AZPZ.1/2013-02-03/North_America/456/D8,2013-02-03
cluster_070,Europe,2013-02-15,2013.123288,1,2013-02-15,2013-02-15,PP_003BKVZ.1/2013-02-15/North_America/456/D8,2013-02-15
cluster_071,Asia,2013-02-26,2013.154936,3,2013-04-14,2013-05-14,PP_003BDNK.1/2013-04-15/North_America/450/D8;PP_003BDW3.1/2013-05-15/North_America/450/D8;PP_003BDYZ.1/2013-05-15/North_America/450/D8,2013-04-15;2013-05-15;2013-05-15
cluster_072,Oceania,2013-02-26,2013.155302,5,2013-04-14,2015-01-14,PP_003BEB7.1/2013-04-15/North_America/450/D8;PP_003CE8B.1/2014-02-15/North_America/450/D8;PP_003DG5D.1/2014-12-15/North_America/450/D8;PP_003DG79.1/2014-12-15/North_America/450/D8;PP_003DLCV.1/2015-01-15/North_America/450/D8,2013-04-15;2014-02-15;2014-12-15;2014-12-15;2015-01-15
cluster_073,Europe,2013-03-15,2013.2,1,2013-03-15,2013-03-15,PP_003BE2R.1/2013-03-15/North_America/450/B3,2013-03-15
cluster_074,Europe,2013-03-15,2013.200448,2,2013-04-14,2013-04-14,PP_003BEFZ.1/2013-04-15/North_America/450/D8;PP_003BEJS.1/2013-04-15/North_America/450/D8,2013-04-15;2013-04-15
cluster_075,Asia,2013-03-28,2013.237789,3,2013-04-14,2013-05-14,PP_003BDLP.1/2013-04-15/North_America/450/D8;PP_003BG2P.1/2013-05-12/North_America/456/D8;PP_003BHC2.1/2013-05-15/North_America/450/D8,2013-04-15;2013-05-12;2013-05-15
cluster_076,Asia,2013-04-14,2013.284932,1,2013-04-14,2013-04-14,PP_003BEA9.1/2013-04-15/North_America/450/D8,2013-04-15
cluster_077,Asia,2013-04-14,2013.284932,1,2013-04-14,2013-04-14,PP_003BEE1.1/2013-04-15/North_America/450/B3,2013-04-15
cluster_078,Asia,2013-04-21,2013.303008,5,2013-08-15,2014-05-14,PP_003BL4F.1/2013-08-15/North_America/450/B3;PP_003CL69.1/2014-03-15/North_America/450/B3;PP_003CLCX.1/2014-03-15/North_America/450/B3;PP_003CVST.1/2014-05-15/North_America/450/B3;PP_003D3VB.1/2014-05-15/North_America/450/B3,2013-08-15;2014-03-15;2014-03-15;2014-05-15;2014-05-15
cluster_079,Asia,2013-05-14,2013.367123,1,2013-05-14,2013-05-14,PP_003BDZX.1/2013-05-15/North_America/450/D8,2013-05-15
cluster_080,Asia,2013-05-14,2013.367123,1,2013-05-14,2013-05-14,PP_003BEC5.1/2013-05-15/North_America/450/D3,2013-05-15
cluster_081,Europe,2013-06-10,2013.438499,20,2013-11-15,2015-02-15,PP_003BVEL.1/2013-11-15/North_America/450/B3;PP_003C7Y3.1/2014-02-15/North_America/450/B3;PP_003CBX1.1/2014-02-15/North_America/450/B3;PP_003F4KS.1/2014-03-15/North_America/450/B3;PP_003DBS9.1/2014-07-15/North_America/450/B3;PP_003DG87.1/2014-12-15/North_America/450/B3;PP_003DJ93.1/2015-01-15/North_America/450/B3;PP_003DJDV.1/2015-01-15/North_America/450/B3;PP_003DJFR.1/2015-01-15/North_America/450/B3;PP_003DJGP.1/2015-01-15/North_America/450/B3;PP_003DJHL.1/2015-01-15/North_America/450/B3;PP_003DLR2.1/2015-01-15/North_America/450/B3;PP_003DLYN.1/2015-01-15/North_America/450/B3;PP_003DXUK.1/2015-01-15/North_America/450/B3;PP_003DJJJ.1/2015-02-15/North_America/450/B3;PP_003DKUX.1/2015-02-15/North_America/450/B3;PP_003DKWT.1/2015-02-15/North_America/450/B3;PP_003DL0K.1/2015-02-15/North_America/450/B3;PP_003DLGM.1/2015-02-15/North_America/450/B3;PP_003DYYA.1/2015-02-15/North_America/450/B3,2013-11-15;2014-02-15;2014-02-15;2014-03-15;2014-07-15;2014-12-15;2015-01-15;2015-01-15;2015-01-15;2015-01-15;2015-01-15;2015-01-15;2015-01-15;2015-01-15;2015-02-15;2015-02-15;2015-02-15;2015-02-15;2015-02-15;2015-02-15
cluster_082,Europe,2013-06-15,2013.452392,2,2013-07-14,2013-07-14,PP_003BK2L.1/2013-07-15/North_America/450/D8;PP_003BKA4.1/2013-07-15/North_America/456/D8,2013-07-15;2013-07-15
cluster_083,Europe,2013-06-19,2013.463014,1,2013-06-19,2013-06-19,PP_003BHNF.1/2013-06-19/North_America/456/D8,2013-06-19
cluster_084,Asia,2013-07-04,2013.506849,1,2013-07-04,2013-07-04,PP_003BHV1.1/2013-07-05/North_America/456/B3,2013-07-05
cluster_085,Oceania,2013-07-07,2013.512473,3,2013-08-15,2013-08-15,PP_003BLB1.1/2013-08-15/North_America/450/D9;PP_003BLDX.1/2013-08-15/North_America/450/D9;PP_003BLGR.1/2013-08-15/North_America/450/D9,2013-08-15;2013-08-15;2013-08-15
cluster_086,Europe,2013-07-07,2013.514488,23,2014-01-14,2015-02-15,PP_003C87K.1/2014-01-15/North_America/450/B3;PP_003C8AD.1/2014-02-15/North_America/450/B3;PP_003CBSB.1/2014-02-15/North_America/450/B3;PP_003CD7E.1/2014-02-15/North_America/450/B3;PP_003CD8C.1/2014-02-15/North_America/450/B3;PP_003CDC4.1/2014-02-15/North_America/450/B3;PP_003CED1.1/2014-02-15/North_America/450/B3;PP_003CL77.1/2014-03-15/North_America/450/B3;PP_003CLGP.1/2014-03-15/North_America/450/B3;PP_003CTBS.1/2014-03-15/North_America/450/B3;PP_003CTDN.1/2014-03-15/North_America/450/B3;PP_003CNFP.1/2014-04-15/North_America/450/B3;PP_003CUSU.1/2014-04-15/North_America/450/B3;PP_003D3Y5.1/2014-05-15/North_America/450/B3;PP_003D23X.1/2014-06-15/North_America/450/B3;PP_003D46P.1/2014-06-15/North_America/450/B3;PP_003DBW1.1/2014-11-15/North_America/450/B3;PP_003DBZV.1/2014-12-15/North_America/450/B3;PP_003DLXQ.1/2015-01-15/North_America/450/B3;PP_003DKN9.1/2015-02-15/North_America/450/B3;PP_003DKZM.1/2015-02-15/North_America/450/B3;PP_003DLDT.1/2015-02-15/North_America/450/B3;PP_003DLVU.1/2015-02-15/North_America/450/B3,2014-01-15;2014-02-15;2014-02-15;2014-02-15;2014-02-15;2014-02-15;2014-02-15;2014-03-15;2014-03-15;2014-03-15;2014-03-15;2014-04-15;2014-04-15;2014-05-15;2014-06-15;2014-06-15;2014-11-15;2014-12-15;2015-01-15;2015-02-15;2015-02-15;2015-02-15;2015-02-15
cluster_087,Asia,2013-07-14,2013.534247,1,2013-07-14,2013-07-14,PP_003BK4G.1/2013-07-15/North_America/450/H1,2013-07-15
cluster_088,Europe,2013-07-14,2013.534247,1,2013-07-14,2013-07-14,PP_003BKB2.1/2013-07-15/North_America/456/D8,2013-07-15
cluster_089,Asia,2013-07-14,2013.534247,1,2013-07-14,2013-07-14,PP_003BNZN.1/2013-07-15/North_America/450/B3,2013-07-15
cluster_090,Oceania,2013-08-04,2013.590256,1,2013-11-15,2013-11-15,PP_003BVFJ.1/2013-11-15/North_America/450/B3,2013-11-15
cluster_091,Asia,2013-08-15,2013.619178,1,2013-08-15,2013-08-15,PP_003BL1M.1/2013-08-15/North_America/450/H1,2013-08-15
cluster_092,Asia,2013-08-15,2013.619178,1,2013-08-15,2013-08-15,PP_003BL3H.1/2013-08-15/North_America/450/H1,2013-08-15
cluster_093,Oceania,2013-09-10,2013.691673,1,2014-05-14,2014-05-14,PP_003D5F4.1/2014-05-15/North_America/450/D8,2014-05-15
cluster_094,Oceania,2013-09-30,2013.745956,7,2014-02-15,2014-07-14,PP_003CBW3.1/2014-02-15/North_America/450/B3;PP_003CDA8.1/2014-02-15/North_America/450/B3;PP_003CNDT.1/2014-03-15/North_America/450/B3;PP_003CTAU.1/2014-03-15/North_America/450/B3;PP_003CTL7.1/2014-03-15/North_America/450/B3;PP_003D3QM.1/2014-05-15/North_America/450/B3;PP_003DBT7.1/2014-07-15/North_America/450/B3,2014-02-15;2014-02-15;2014-03-15;2014-03-15;2014-03-15;2014-05-15;2014-07-15
cluster_095,Oceania,2013-10-31,2013.830709,2,2013-12-21,2014-06-15,PP_003C45T.1/2013-12-22/North_America/456/B3;PP_003D4D9.1/2014-06-15/North_America/450/B3,2013-12-22;2014-06-15
cluster_096,Oceania,2013-11-19,2013.882385,13,2014-04-14,2014-07-14,PP_003CNGM.1/2014-04-15/North_America/450/D9;PP_003CNKE.1/2014-04-15/North_America/450/D9;PP_003CUTS.1/2014-04-15/North_America/450/D9;PP_003CUXJ.1/2014-04-15/North_America/450/D9;PP_003CV0C.1/2014-04-15/North_America/450/D9;PP_003CV28.1/2014-04-15/North_America/450/D9;PP_003CV44.1/2014-05-15/North_America/450/D9;PP_003CV60.1/2014-05-15/North_America/450/D9;PP_003D3RK.1/2014-05-15/North_America/450/D9;PP_003D401.1/2014-05-15/North_America/450/D9;PP_003D44T.1/2014-05-15/North_America/450/D9;PP_003D47M.1/2014-06-15/North_America/450/D9;PP_003DBV3.1/2014-07-15/North_America/450/D9,2014-04-15;2014-04-15;2014-04-15;2014-04-15;2014-04-15;2014-04-15;2014-05-15;2014-05-15;2014-05-15;2014-05-15;2014-05-15;2014-06-15;2014-07-15
cluster_097,Oceania,2013-12-07,2013.9336,3,2014-01-14,2015-03-15,PP_003C4LW.1/2014-01-15/North_America/456/B3;PP_003C88H.1/2014-01-15/North_America/450/B3;PP_003DKYP.1/2015-03-15/North_America/450/B3,2014-01-15;2014-01-15;2015-03-15
cluster_098,Europe,2013-12-29,2013.991818,4,2014-03-15,2014-04-14,PP_003CUP0.1/2014-03-15/North_America/450/D8;PP_003CUJA.1/2014-04-15/North_America/450/D8;PP_003CUL6.1/2014-04-15/North_America/450/D8;PP_003CUM4.1/2014-04-15/North_America/450/D8,2014-03-15;2014-04-15;2014-04-15;2014-04-15
cluster_099,Asia,2014-01-05,2014.011062,1,2014-04-14,2014-04-14,PP_003D203.1/2014-04-15/North_America/450/D8,2014-04-15
cluster_100,Oceania,2014-02-11,2014.11275,12,2014-06-15,2016-05-14,PP_003D22Z.1/2014-06-15/North_America/450/B3;PP_003DBQD.1/2014-07-15/North_America/450/B3;PP_003DBNH.1/2014-09-15/North_America/450/B3;PP_003DLZL.1/2014-12-15/North_America/450/B3;PP_003DJBZ.1/2015-01-15/North_America/450/B3;PP_003DJET.1/2015-01-15/North_America/450/B3;PP_003DJMC.1/2015-01-15/North_America/450/B3;PP_003DJNA.1/2015-01-15/North_America/450/B3;PP_003E3SF.1/2015-01-15/North_America/450/B3;PP_003DLWS.1/2015-02-15/North_America/450/B3;PP_003DYWE.1/2015-02-15/North_America/450/B3;PP_003EML9.1/2016-05-15/North_America/450/B3,2014-06-15;2014-07-15;2014-09-15;2014-12-15;2015-01-15;2015-01-15;2015-01-15;2015-01-15;2015-01-15;2015-02-15;2015-02-15;2016-05-15
cluster_101,Europe,2014-02-15,2014.123288,1,2014-02-15,2014-02-15,PP_003C7Z1.1/2014-02-15/North_America/450/B3,2014-02-15
cluster_102,Oceania,2014-02-15,2014.123288,1,2014-02-15,2014-02-15,PP_003CC2R.1/2014-02-15/North_America/450/B3,2014-02-15
cluster_103,Europe,2014-02-15,2014.123288,1,2014-02-15,2014-02-15,PP_003CE99.1/2014-02-15/North_America/450/D8,2014-02-15
cluster_104,Asia,2014-02-15,2014.123288,1,2014-02-15,2014-02-15,PP_003CL3F.1/2014-02-15/North_America/450/B3,2014-02-15
cluster_105,Oceania,2014-02-15,2014.123288,1,2014-02-15,2014-02-15,PP_003CNCV.1/2014-02-15/North_America/450/B3,2014-02-15
cluster_106,Asia,2014-02-17,2014.130824,3,2014-04-14,2014-05-14,PP_003CNHJ.1/2014-04-15/North_America/450/D9;PP_003CV52.1/2014-04-15/North_America/450/D9;PP_003CVN1.1/2014-05-15/North_America/450/D9,2014-04-15;2014-04-15;2014-05-15
cluster_107,Oceania,2014-03-15,2014.2,1,2014-03-15,2014-03-15,PP_003CLET.1/2014-03-15/North_America/450/B3,2014-03-15
cluster_108,Europe,2014-03-15,2014.2,1,2014-03-15,2014-03-15,PP_003CTCQ.1/2014-03-15/North_America/450/D8,2014-03-15
cluster_109,Asia,2014-03-15,2014.2,1,2014-03-15,2014-03-15,PP_003F4JU.1/2014-03-15/North_America/450/B3,2014-03-15
cluster_110,Asia,2014-04-01,2014.248601,2,2014-04-14,2014-06-15,PP_003CVPZ.1/2014-04-15/North_America/450/D9;PP_003D3W9.1/2014-06-15/North_America/450/D9,2014-04-15;2014-06-15
cluster_111,Oceania,2014-04-14,2014.284932,1,2014-04-14,2014-04-14,PP_003CTGG.1/2014-04-15/North_America/450/D8,2014-04-15
cluster_112,Oceania,2014-04-14,2014.284932,1,2014-04-14,2014-04-14,PP_003CTHD.1/2014-04-15/North_America/450/B3,2014-04-15
cluster_113,Europe,2014-04-14,2014.284932,1,2014-04-14,2014-04-14,PP_003CTJB.1/2014-04-15/North_America/450/B3,2014-04-15
cluster_114,Oceania,2014-04-14,2014.284932,1,2014-04-14,2014-04-14,PP_003CVTR.1/2014-04-15/North_America/450/D9,2014-04-15
cluster_115,Europe,2014-05-14,2014.367123,1,2014-05-14,2014-05-14,PP_003F4MN.1/2014-05-15/North_America/450/H1,2014-05-15
cluster_116,Asia,2014-07-14,2014.534247,1,2014-07-14,2014-07-14,PP_003D4CB.1/2014-07-15/North_America/450/B3,2014-07-15
cluster_117,Asia,2014-07-14,2014.534247,1,2014-07-14,2014-07-14,PP_003F4NL.1/2014-07-15/North_America/450/D8,2014-07-15
cluster_118,Oceania,2014-09-11,2014.694725,4,2015-01-14,2015-02-15,PP_003DGA3.1/2015-01-15/North_America/570/D9;PP_003DGCZ.1/2015-01-15/North_America/570/D9;PP_003DJQ6.1/2015-02-15/North_America/450/D9;PP_003LFFD.1/2015-02-15/North_America/450/D9,2015-01-15;2015-01-15;2015-02-15;2015-02-15
cluster_119,Oceania,2014-09-25,2014.731888,2,2014-10-14,2014-11-15,PP_003DBKP.1/2014-10-15/North_America/450/D8;PP_003DBYX.1/2014-11-15/North_America/450/D8,2014-10-15;2014-11-15
cluster_120,Oceania,2014-10-14,2014.786301,1,2014-10-14,2014-10-14,PP_003DBJR.1/2014-10-15/North_America/450/B3,2014-10-15
cluster_121,Asia,2014-10-24,2014.811139,1,2014-12-15,2014-12-15,PP_003DG3H.1/2014-12-15/North_America/450/D8,2014-12-15
cluster_122,Oceania,2014-11-09,2014.855374,3,2015-01-14,2015-02-15,PP_003DXRR.1/2015-01-15/North_America/450/B3;PP_003DKMB.1/2015-02-15/North_America/450/B3;PP_003DLUW.1/2015-02-15/North_America/450/B3,2015-01-15;2015-02-15;2015-02-15
cluster_123,Asia,2014-12-31,2014.999536,1,2015-01-14,2015-01-14,PP_003DLKE.1/2015-01-15/North_America/450/D8,2015-01-15
cluster_124,Europe,2015-01-07,2015.018332,1,2015-03-15,2015-03-15,PP_003E3TD.1/2015-03-15/North_America/450/D9,2015-03-15
cluster_125,Africa,2015-01-14,2015.038356,1,2015-01-14,2015-01-14,PP_003DLP6.1/2015-01-15/North_America/450/B3,2015-01-15
cluster_126,Africa,2015-02-15,2015.123288,1,2015-02-15,2015-02-15,PP_003DLFP.1/2015-02-15/North_America/450/B3,2015-02-15
cluster_127,Africa,2015-02-15,2015.123288,1,2015-02-15,2015-02-15,PP_003DLN8.1/2015-02-15/North_America/450/B3,2015-02-15
cluster_128,Africa,2015-02-15,2015.123288,1,2015-02-15,2015-02-15,PP_003DM1G.1/2015-02-15/North_America/450/B3,2015-02-15
cluster_129,Asia,2015-03-03,2015.16936,1,2015-04-14,2015-04-14,PP_003DW25.1/2015-04-15/North_America/450/D8,2015-04-15
cluster_130,Europe,2015-03-04,2015.169996,3,2015-04-14,2015-07-14,PP_003E3RH.1/2015-04-15/North_America/450/D8;PP_003E4C9.1/2015-07-15/North_America/450/D8;PP_003E50Y.1/2015-07-15/North_America/450/D8,2015-04-15;2015-07-15;2015-07-15
cluster_131,Asia,2015-03-10,2015.186701,2,2015-04-14,2015-06-15,PP_003DYUJ.1/2015-04-15/North_America/450/H1;PP_003F4HW.1/2015-06-15/North_America/450/H1,2015-04-15;2015-06-15
cluster_132,Asia,2015-04-14,2015.284932,1,2015-04-14,2015-04-14,PP_003DW17.1/2015-04-15/North_America/450/D8,2015-04-15
cluster_133,Asia,2015-05-14,2015.367123,1,2015-05-14,2015-05-14,PP_003DW41.1/2015-05-15/North_America/450/H1,2015-05-15
cluster_134,Europe,2015-07-14,2015.534247,1,2015-07-14,2015-07-14,PP_003E3V9.1/2015-07-15/North_America/450/B3,2015-07-15
cluster_135,Europe,2015-09-16,2015.707767,1,2016-01-15,2016-01-15,PP_003EHGN.1/2016-01-15/North_America/450/B3,2016-01-15
cluster_136,Asia,2016-01-15,2016.038251,1,2016-01-15,2016-01-15,PP_003EHFQ.1/2016-01-15/North_America/450/D8,2016-01-15
cluster_137,Oceania,2016-02-02,2016.088195,8,2016-12-15,2017-01-14,PP_003FC6B.1/2016-12-15/North_America/450/D8;PP_003FC79.1/2016-12-15/North_America/450/D8;PP_003FC87.1/2016-12-15/North_America/450/D8;PP_003FDEU.1/2016-12-15/North_America/450/D8;PP_003FFGN.1/2016-12-15/North_America/450/D8;PP_003FDJK.1/2017-01-15/North_America/450/D8;PP_003FGTY.1/2017-01-15/North_America/450/D8;PP_003GQPW.1/2017-01-15/North_America/450/D8,2016-12-15;2016-12-15;2016-12-15;2016-12-15;2016-12-15;2017-01-15;2017-01-15;2017-01-15
cluster_138,Oceania,2016-03-05,2016.176112,4,2016-05-14,2016-06-15,PP_003EVL1.1/2016-05-15/North_America/450/D8;PP_003EWL0.1/2016-06-15/North_America/450/D8;PP_003EX6U.1/2016-06-15/North_America/450/D8;PP_003EYAK.1/2016-06-15/North_America/450/D8,2016-05-15;2016-06-15;2016-06-15;2016-06-15
cluster_139,Asia,2016-03-15,2016.202186,1,2016-03-15,2016-03-15,PP_003ELGK.1/2016-03-15/North_America/450/D8,2016-03-15
cluster_140,Oceania,2016-03-15,2016.202186,1,2016-03-15,2016-03-15,PP_003ELHG.1/2016-03-15/North_America/450/B3,2016-03-15
cluster_141,Oceania,2016-04-08,2016.270156,2,2016-05-14,2016-06-15,PP_003EVMZ.1/2016-05-15/North_America/450/D8;PP_003F0RJ.1/2016-06-15/North_America/450/D8,2016-05-15;2016-06-15
cluster_142,Europe,2016-04-15,2016.286885,1,2016-04-15,2016-04-15,PP_003EMHF.1/2016-04-15/North_America/450/B3,2016-04-15
cluster_143,Asia,2016-04-17,2016.292977,3,2017-04-14,2018-01-14,PP_003KRBD.1/2017-04-15/North_America/450/B3;PP_003KEHB.1/2017-05-15/North_America/450/B3;PP_003H8ZP.1/2018-01-15/North_America/450/B3,2017-04-15;2017-05-15;2018-01-15
cluster_144,Europe,2016-05-07,2016.347291,1,2016-08-14,2016-08-14,PP_003F8KN.1/2016-08-15/North_America/450/D8,2016-08-15
cluster_145,Europe,2016-05-14,2016.368852,1,2016-05-14,2016-05-14,PP_003EVK3.1/2016-05-15/North_America/450/D8,2016-05-15
cluster_146,Oceania,2016-05-16,2016.371774,2,2016-06-15,2016-06-15,PP_003F01Z.1/2016-06-15/North_America/450/D8;PP_003F03V.1/2016-06-15/North_America/450/D8,2016-06-15;2016-06-15
cluster_147,Oceania,2016-05-30,2016.411082,1,2016-07-15,2016-07-15,PP_003F1LT.1/2016-07-15/North_America/450/B3,2016-07-15
cluster_148,Asia,2016-06-15,2016.453552,1,2016-06-15,2016-06-15,PP_003F0QL.1/2016-06-15/North_America/450/D8,2016-06-15
cluster_149,Europe,2016-10-01,2016.750665,8,2017-04-14,2023-10-30,PP_003KEJ9.1/2017-04-15/North_America/450/B3;PP_003KR4T.1/2017-04-15/North_America/450/B3;PP_003KR5R.1/2017-04-15/North_America/450/B3;PP_003GWPQ.1/2017-05-15/North_America/450/B3;PP_003HZJU.1/2018-08-15/North_America/450/B3;PP_003KQG4.1/2019-10-15/North_America/450/B3;PP_003L1A3.1/2019-10-15/North_America/450/B3;PP_003QDAH.1/2023-10-30/North_America/450/B3,2017-04-15;2017-04-15;2017-04-15;2017-05-15;2018-08-15;2019-10-15;2019-10-15;2023-10-30
cluster_150,Oceania,2016-10-15,2016.786885,1,2016-10-15,2016-10-15,PP_003F998.1/2016-10-15/North_America/450/D8,2016-10-15
cluster_151,Oceania,2016-11-01,2016.834226,4,2016-12-15,2017-01-14,PP_003FDFS.1/2016-12-15/North_America/450/D8;PP_003FGS0.1/2017-01-15/North_America/450/D8;PP_003GQM0.1/2017-01-15/North_America/450/D8;PP_003GQNY.1/2017-01-15/North_America/450/D8,2016-12-15;2017-01-15;2017-01-15;2017-01-15
cluster_152,Europe,2016-11-01,2016.834548,2,2017-07-14,2019-02-13,PP_003GTEC.1/2017-07-15/North_America/450/B3;PP_003PUWX.1/2019-02-13/North_America/15678/B3,2017-07-15;2019-02-13
cluster_153,Oceania,2016-11-21,2016.889428,1,2017-01-14,2017-01-14,PP_003FFFQ.1/2017-01-15/North_America/450/D8,2017-01-15
cluster_154,Oceania,2017-02-10,2017.111497,5,2017-03-15,2018-08-15,PP_003GMGE.1/2017-03-15/North_America/450/D8;PP_003HP9P.1/2018-05-15/North_America/450/D8;PP_003HW9G.1/2018-07-15/North_America/450/D8;PP_003HZ1V.1/2018-07-15/North_America/450/D8;PP_003J694.1/2018-08-15/North_America/450/D8,2017-03-15;2018-05-15;2018-07-15;2018-07-15;2018-08-15
cluster_155,Asia,2017-02-15,2017.123288,1,2017-02-15,2017-02-15,PP_003KR2X.1/2017-02-15/North_America/450/H1,2017-02-15
cluster_156,Europe,2017-03-15,2017.2,1,2017-03-15,2017-03-15,PP_003FQFF.1/2017-03-15/North_America/450/B3,2017-03-15
cluster_157,Asia,2017-03-15,2017.2,1,2017-03-15,2017-03-15,PP_003GMFG.1/2017-03-15/North_America/450/D8,2017-03-15
cluster_158,Asia,2017-03-15,2017.2,1,2017-03-15,2017-03-15,PP_003GQL2.1/2017-03-15/North_America/450/D8,2017-03-15
cluster_159,Asia,2017-03-15,2017.200227,3,2017-04-14,2017-04-14,PP_003GMHB.1/2017-04-15/North_America/450/B3;PP_003GMJ9.1/2017-04-15/North_America/450/B3;PP_003KR7M.1/2017-04-15/North_America/450/B3,2017-04-15;2017-04-15;2017-04-15
cluster_160,Europe,2017-03-20,2017.214789,2,2017-04-14,2017-06-15,PP_003KR9H.1/2017-04-15/North_America/450/B3;PP_003GRSP.1/2017-06-15/North_America/450/B3,2017-04-15;2017-06-15
cluster_161,Asia,2017-04-14,2017.284932,1,2017-04-14,2017-04-14,PP_003GR6W.1/2017-04-15/North_America/450/B3,2017-04-15
cluster_162,Africa,2017-04-27,2017.319278,1,2017-07-14,2017-07-14,PP_003GTFA.1/2017-07-15/North_America/450/B3,2017-07-15
cluster_163,Oceania,2017-05-14,2017.367123,1,2017-05-14,2017-05-14,PP_003GR8S.1/2017-05-15/North_America/450/D8,2017-05-15
cluster_164,Asia,2017-07-08,2017.516937,2,2018-01-14,2018-07-14,PP_003H795.1/2018-01-15/North_America/450/D8;PP_003HQAL.1/2018-07-15/North_America/450/D8,2018-01-15;2018-07-15
cluster_165,Asia,2017-07-26,2017.565097,4,2017-08-15,2019-05-01,PP_003GX02.1/2017-08-15/North_America/450/B3;PP_003HJUP.1/2018-03-15/North_America/450/B3;PP_003J02Q.1/2018-07-15/North_America/450/B3;PP_003PV5D.1/2019-05-02/North_America/15678/B3,2017-08-15;2018-03-15;2018-07-15;2019-05-02
cluster_166,Asia,2017-10-16,2017.789222,5,2018-03-15,2019-02-27,PP_003HJTR.1/2018-03-15/North_America/450/B3;PP_003HJVM.1/2018-03-15/North_America/450/B3;PP_003HJWK.1/2018-03-15/North_America/450/B3;PP_003HDEP.1/2018-04-15/North_America/450/B3;PP_003PVA3.1/2019-02-28/North_America/15678/B3,2018-03-15;2018-03-15;2018-03-15;2018-04-15;2019-02-28
cluster_167,Europe,2017-11-07,2017.852041,6,2018-01-14,2020-02-14,PP_003HAYP.1/2018-01-15/North_America/450/B3;PP_003PV87.1/2018-04-22/North_America/15678/B3;PP_003PV6B.1/2018-04-25/North_America/15678/B3;PP_003KEK7.1/2018-06-15/North_America/450/B3;PP_003L9TU.1/2020-01-15/North_America/450/B3;PP_003L9SW.1/2020-02-15/North_America/450/B3,2018-01-15;2018-04-22;2018-04-25;2018-06-15;2020-01-15;2020-02-15
cluster_168,Asia,2018-01-14,2018.038356,1,2018-01-14,2018-01-14,PP_003H81L.1/2018-01-15/North_America/450/D8,2018-01-15
cluster_169,Europe,2018-01-15,2018.040941,4,2018-03-15,2018-08-15,PP_003HL42.1/2018-03-15/North_America/450/D8;PP_003HL50.1/2018-04-15/North_America/450/D8;PP_003HP4Z.1/2018-05-15/North_America/450/D8;PP_003HZ3R.1/2018-08-15/North_America/450/D8,2018-03-15;2018-04-15;2018-05-15;2018-08-15
cluster_170,Oceania,2018-01-16,2018.042281,1,2018-04-14,2018-04-14,PP_003HDDR.1/2018-04-15/North_America/450/B3,2018-04-15
cluster_171,Asia,2018-01-29,2018.077201,14,2018-04-14,2019-10-14,PP_003HK0B.1/2018-04-15/North_America/450/D8;PP_003PWYR.1/2018-06-03/North_America/15678/D8;PP_003HRDD.1/2018-07-15/North_America/450/D8;PP_003J7CX.1/2018-07-15/North_America/450/D8;PP_003HZ2T.1/2018-08-15/North_America/450/D8;PP_003PWDW.1/2018-09-13/North_America/15678/D8;PP_003J7HL.1/2018-10-15/North_America/450/D8;PP_003JB49.1/2018-10-15/North_America/450/D8;PP_003LDCM.1/2019-01-15/North_America/450/D8;PP_003PW86.1/2019-02-14/North_America/15678/D8;PP_003LCDL.1/2019-03-15/North_America/450/D8;PP_003PV95.1/2019-03-27/North_America/15678/D8;PP_003PVME.1/2019-05-10/North_America/15678/D8;PP_003KQPP.1/2019-10-15/North_America/450/D8,2018-04-15;2018-06-03;2018-07-15;2018-07-15;2018-08-15;2018-09-13;2018-10-15;2018-10-15;2019-01-15;2019-02-14;2019-03-15;2019-03-27;2019-05-10;2019-10-15
cluster_172,Asia,2018-01-30,2018.081663,1,2018-05-14,2018-05-14,PP_003HNXD.1/2018-05-15/North_America/450/D8,2018-05-15
cluster_173,Europe,2018-02-15,2018.123288,1,2018-02-15,2018-02-15,PP_003H8VX.1/2018-02-15/North_America/450/B3,2018-02-15
cluster_174,Europe,2018-02-16,2018.128002,1,2018-07-14,2018-07-14,PP_003HW8J.1/2018-07-15/North_America/450/B3,2018-07-15
cluster_175,Oceania,2018-03-13,2018.194981,2,2018-04-14,2018-04-14,PP_003HKZC.1/2018-04-15/North_America/450/D8;PP_003HL6Y.1/2018-04-15/North_America/450/D8,2018-04-15;2018-04-15
cluster_176,Asia,2018-03-29,2018.240193,15,2018-04-14,2019-11-15,PP_003HDAX.1/2018-04-15/North_America/450/D8;PP_003PWXT.1/2018-05-31/North_America/15678/D8;PP_003HZKS.1/2018-07-15/North_America/450/D8;PP_003J7A1.1/2018-07-15/North_America/450/D8;PP_003J7BZ.1/2018-07-15/North_America/450/D8;PP_003HZX2.1/2018-08-15/North_America/450/D8;PP_003JNZ7.1/2019-01-15/North_America/450/D8;PP_003LDJ8.1/2019-03-15/North_America/450/D8;PP_003LCL5.1/2019-04-15/North_America/450/D8;PP_003LC28.1/2019-05-15/North_America/450/D8;PP_003LE26.1/2019-05-15/North_America/450/D8;PP_003KE44.1/2019-06-15/North_America/450/D8;PP_003KECN.1/2019-08-15/North_America/450/D8;PP_003KEEJ.1/2019-08-15/North_America/450/D8;PP_003L1EV.1/2019-11-15/North_America/450/D8,2018-04-15;2018-05-31;2018-07-15;2018-07-15;2018-07-15;2018-08-15;2019-01-15;2019-03-15;2019-04-15;2019-05-15;2019-05-15;2019-06-15;2019-08-15;2019-08-15;2019-11-15
cluster_177,Asia,2018-04-01,2018.248813,8,2018-06-14,2019-07-14,PP_003PVGR.1/2018-06-14/North_America/15678/D8;PP_003PW2J.1/2019-03-08/North_America/15678/D8;PP_003KDVN.1/2019-04-15/North_America/450/D8;PP_003PVQ8.1/2019-04-15/North_America/15678/D8;PP_003QJC8.1/2019-05-26/North_America/15678/D8;PP_003PUVZ.1/2019-06-12/North_America/15678/D8;PP_003KE0C.1/2019-06-15/North_America/450/D8;PP_003J8VV.1/2019-07-15/North_America/450/D8,2018-06-14;2019-03-08;2019-04-15;2019-04-15;2019-05-26;2019-06-12;2019-06-15;2019-07-15
cluster_178,Europe,2018-04-14,2018.284932,1,2018-04-14,2018-04-14,PP_003HDBV.1/2018-04-15/North_America/450/B3,2018-04-15
cluster_179,Europe,2018-05-26,2018.39868,4,2018-11-18,2019-08-15,PP_003PWB0.1/2018-11-19/North_America/15678/B3;PP_003JNY9.1/2019-01-15/North_America/450/B3;PP_003Q7VJ.1/2019-02-18/North_America/15678/B3;PP_003KE36.1/2019-08-15/North_America/450/B3,2018-11-19;2019-01-15;2019-02-18;2019-08-15
cluster_180,Oceania,2018-06-03,2018.419178,1,2018-06-03,2018-06-03,PP_003PVJL.1/2018-06-03/North_America/15678/D8,2018-06-03
cluster_181,Oceania,2018-06-12,2018.443962,29,2018-07-10,2019-12-15,PP_003PWVX.1/2018-07-11/North_America/15678/D8;PP_003J785.1/2018-10-15/North_America/450/D8;PP_003JEM5.1/2018-11-15/North_America/450/D8;PP_003PWA2.1/2019-02-13/North_America/15678/D8;PP_003LDDK.1/2019-02-15/North_America/450/D8;PP_003LDM2.1/2019-02-15/North_America/450/D8;PP_003LE42.1/2019-02-15/North_America/450/D8;PP_003PW1L.1/2019-03-06/North_America/15678/D8;PP_003K31M.1/2019-03-15/North_America/450/D8;PP_003PWP9.1/2019-03-31/North_America/15678/D8;PP_003PVS4.1/2019-04-02/North_America/15678/D8;PP_003KDUQ.1/2019-04-15/North_America/450/D8;PP_003KDXJ.1/2019-04-15/North_America/450/D8;PP_003LD8V.1/2019-04-15/North_America/450/D8;PP_003PVXU.1/2019-04-25/North_America/15678/D8;PP_003LC7Y.1/2019-05-15/North_America/450/D8;PP_003LCGE.1/2019-05-15/North_America/450/D8;PP_003LCRV.1/2019-05-15/North_America/450/D8;PP_003PVKJ.1/2019-06-07/North_America/15678/D8;PP_003KE1A.1/2019-06-15/North_America/450/D8;PP_003LCYF.1/2019-06-15/North_America/450/D8;PP_003PV0P.1/2019-08-08/North_America/15678/D8;PP_003KE7Y.1/2019-08-15/North_America/450/D8;PP_003KE8W.1/2019-08-15/North_America/450/D8;PP_003KEDL.1/2019-08-15/North_America/450/D8;PP_003LDZC.1/2019-08-21/North_America/450/D8;PP_003PUZR.1/2019-08-21/North_America/15678/D8;PP_003KQE8.1/2019-10-15/North_America/450/D8;PP_003L15D.1/2019-12-15/North_America/450/D8,2018-07-11;2018-10-15;2018-11-15;2019-02-13;2019-02-15;2019-02-15;2019-02-15;2019-03-06;2019-03-15;2019-03-31;2019-04-02;2019-04-15;2019-04-15;2019-04-15;2019-04-25;2019-05-15;2019-05-15;2019-05-15;2019-06-07;2019-06-15;2019-06-15;2019-08-08;2019-08-15;2019-08-15;2019-08-15;2019-08-21;2019-08-21;2019-10-15;2019-12-15
cluster_182,South_America,2018-06-12,2018.445702,2,2018-07-14,2018-08-15,PP_003HRY8.1/2018-07-15/North_America/450/D8;PP_003J793.1/2018-08-15/North_America/450/D8,2018-07-15;2018-08-15
cluster_183,Asia,2018-06-15,2018.452055,1,2018-06-15,2018-06-15,PP_003HQ8Q.1/2018-06-15/North_America/450/D8,2018-06-15
cluster_184,South_America,2018-06-15,2018.452055,1,2018-06-15,2018-06-15,PP_003HRXA.1/2018-06-15/North_America/450/D8,2018-06-15
cluster_185,Asia,2018-06-19,2018.465044,2,2018-07-14,2018-10-14,PP_003HW5Q.1/2018-07-15/North_America/450/D8;PP_003JDCR.1/2018-10-15/North_America/450/D8,2018-07-15;2018-10-15
cluster_186,Europe,2018-06-25,2018.479452,1,2018-06-25,2018-06-25,PP_003PWJK.1/2018-06-25/North_America/15678/B3,2018-06-25
cluster_187,Oceania,2018-07-14,2018.532613,2,2018-08-15,2018-09-15,PP_003J04L.1/2018-08-15/North_America/450/D8;PP_003Q8XD.1/2018-09-15/North_America/450/D8,2018-08-15;2018-09-15
cluster_188,Europe,2018-07-15,2018.535777,1,2018-09-22,2018-09-22,PP_003PVYS.1/2018-09-23/North_America/15678/D8,2018-09-23
cluster_189,Oceania,2018-07-20,2018.549053,2,2018-08-15,2018-08-22,PP_003J03N.1/2018-08-15/North_America/450/D8;PP_003PWEU.1/2018-08-22/North_America/15678/D8,2018-08-15;2018-08-22
cluster_190,Europe,2018-08-15,2018.619178,1,2018-08-15,2018-08-15,PP_003HZ4P.1/2018-08-15/North_America/450/D8,2018-08-15
cluster_191,Asia,2018-09-16,2018.707999,5,2018-10-14,2019-08-05,PP_003JNXB.1/2018-10-15/North_America/450/D8;PP_003PWLF.1/2019-04-03/North_America/15678/D8;PP_003LD6Z.1/2019-05-15/North_America/450/D8;PP_003QJBA.1/2019-05-17/North_America/15678/D8;PP_003PV3H.1/2019-08-05/North_America/15678/D8,2018-10-15;2019-04-03;2019-05-15;2019-05-17;2019-08-05
cluster_192,Oceania,2018-10-14,2018.786301,1,2018-10-14,2018-10-14,PP_003Q8YB.1/2018-10-15/North_America/450/D8,2018-10-15
cluster_193,Oceania,2018-10-17,2018.794448,51,2020-01-15,2025-02-20,PP_003LA0E.1/2020-01-15/North_America/450/B3;PP_003QCBG.1/2022-09-21/North_America/450/B3;PP_003Q9Z8.1/2022-09-22/North_America/450/B3;PP_003QA5W.1/2022-09-26/North_America/450/B3;PP_003QA30.1/2022-10-01/North_America/450/B3;PP_003QA4Y.1/2022-10-01/North_America/450/B3;PP_003QC8N.1/2022-10-30/North_America/450/B3;PP_003QADE.1/2022-11-07/North_America/450/B3;PP_003QBK0.1/2022-11-09/North_America/450/B3;PP_003QAQR.1/2022-11-14/North_America/450/B3;PP_003QATK.1/2022-11-15/North_America/450/B3;PP_003QAY9.1/2022-11-18/North_America/450/B3;PP_003QAWD.1/2022-11-21/North_America/450/B3;PP_003QAZ7.1/2022-11-22/North_America/450/B3;PP_003QB05.1/2022-11-22/North_America/450/B3;PP_003QB4X.1/2022-11-23/North_America/450/B3;PP_003QB13.1/2022-11-24/North_America/450/B3;PP_003QB6T.1/2022-11-25/North_America/450/B3;PP_003QB8P.1/2022-11-25/North_America/450/B3;PP_003QBF9.1/2022-11-25/North_America/450/B3;PP_003QB7R.1/2022-11-26/North_America/450/B3;PP_003QBEB.1/2022-11-26/North_America/450/B3;PP_003QBJ2.1/2022-11-28/North_America/450/B3;PP_003QBQQ.1/2022-11-29/North_America/450/B3;PP_003QBMW.1/2022-11-30/North_America/450/B3;PP_003QBRN.1/2022-12-02/North_America/450/B3;PP_003QBUG.1/2022-12-06/North_America/450/B3;PP_003QBVE.1/2022-12-06/North_America/450/B3;PP_003QBWC.1/2022-12-06/North_America/450/B3;PP_003QBY8.1/2022-12-06/North_America/450/B3;PP_003QBZ6.1/2022-12-07/North_America/450/B3;PP_003QC04.1/2022-12-08/North_America/450/B3;PP_003QC12.1/2022-12-08/North_America/450/B3;PP_003QC3Y.1/2022-12-08/North_America/450/B3;PP_003QC4W.1/2022-12-10/North_America/450/B3;PP_003QC6S.1/2022-12-11/North_America/450/B3;PP_003QCDC.1/2022-12-16/North_America/450/B3;PP_003QCEA.1/2022-12-28/North_America/450/B3;PP_003QVDV.1/2024-03-04/North_America/450/B3;PP_003QY1G.1/2024-05-12/North_America/450/B3;PP_003QY2E.1/2024-05-14/North_America/450/B3;PP_003QV93.1/2024-08-26/North_America/450/B3;PP_003QZBV.1/2024-09-07/North_America/450/B3;PP_003QZFM.1/2024-10-25/North_America/450/B3;PP_003QZGK.1/2024-10-31/North_America/450/B3;PP_003QZHG.1/2024-11-02/North_America/450/B3;PP_003QZKC.1/2024-11-09/North_America/450/B3;PP_003QZM8.1/2024-11-11/North_America/450/B3;PP_003QZLA.1/2024-11-13/North_America/450/B3;PP_003QZP4.1/2024-11-29/North_America/450/B3;PP_003R1WL.1/2025-02-20/North_America/450/B3,2020-01-15;2022-09-21;2022-09-22;2022-09-26;2022-10-01;2022-10-01;2022-10-30;2022-11-07;2022-11-09;2022-11-14;2022-11-15;2022-11-18;2022-11-21;2022-11-22;2022-11-22;2022-11-23;2022-11-24;2022-11-25;2022-11-25;2022-11-25;2022-11-26;2022-11-26;2022-11-28;2022-11-29;2022-11-30;2022-12-02;2022-12-06;2022-12-06;2022-12-06;2022-12-06;2022-12-07;2022-12-08;2022-12-08;2022-12-08;2022-12-10;2022-12-11;2022-12-16;2022-12-28;2024-03-04;2024-05-12;2024-05-14;2024-08-26;2024-09-07;2024-10-25;2024-10-31;2024-11-02;2024-11-09;2024-11-11;2024-11-13;2024-11-29;2025-02-20
cluster_194,Oceania,2018-12-19,2018.966182,7,2019-02-15,2019-08-15,PP_003JQF8.1/2019-02-15/North_America/450/B3;PP_003KDYG.1/2019-03-15/North_America/450/B3;PP_003LC52.1/2019-03-15/North_America/450/B3;PP_003LDUN.1/2019-07-05/North_America/450/B3;PP_003PWHM.1/2019-07-05/North_America/15678/B3;PP_003PWGQ.1/2019-07-25/North_America/15678/B3;PP_003KE60.1/2019-08-15/North_America/450/B3,2019-02-15;2019-03-15;2019-03-15;2019-07-05;2019-07-05;2019-07-25;2019-08-15
cluster_195,Oceania,2019-01-14,2019.038356,1,2019-01-14,2019-01-14,PP_003JNVF.1/2019-01-15/North_America/450/D8,2019-01-15
cluster_196,Asia,2019-01-31,2019.08306,1,2019-02-15,2019-02-15,PP_003LDHA.1/2019-02-15/North_America/450/D8,2019-02-15
cluster_197,Oceania,2019-02-01,2019.0851,6,2019-02-15,2019-06-25,PP_003LD0B.1/2019-02-15/North_America/450/D8;PP_003LD43.1/2019-02-15/North_America/450/D8;PP_003LCCN.1/2019-04-15/North_America/450/D8;PP_003LE18.1/2019-04-15/North_America/450/D8;PP_003PVZQ.1/2019-05-27/North_America/15678/D8;PP_003LCTR.1/2019-06-25/North_America/450/D8,2019-02-15;2019-02-15;2019-04-15;2019-04-15;2019-05-27;2019-06-25
cluster_198,Oceania,2019-02-05,2019.09863,1,2019-02-05,2019-02-05,PP_003PWCY.1/2019-02-06/North_America/15678/B3,2019-02-06
cluster_199,Oceania,2019-02-20,2019.138531,5,2019-03-15,2019-10-14,PP_003LD51.1/2019-03-15/North_America/450/D8;PP_003LCWK.1/2019-05-15/North_America/450/D8;PP_003LD35.1/2019-06-15/North_America/450/D8;PP_003LE0A.1/2019-06-28/North_America/450/D8;PP_003L179.1/2019-10-15/North_America/450/D8,2019-03-15;2019-05-15;2019-06-15;2019-06-28;2019-10-15
cluster_200,Europe,2019-03-15,2019.2,1,2019-03-15,2019-03-15,PP_003LCXH.1/2019-03-15/North_America/450/D8,2019-03-15
cluster_201,Oceania,2019-03-20,2019.213699,1,2019-03-20,2019-03-20,PP_003PWQ7.1/2019-03-20/North_America/15678/D8,2019-03-20
cluster_202,Europe,2019-03-24,2019.225279,8,2019-05-14,2023-05-05,PP_003LDN0.1/2019-05-15/North_America/450/D8;PP_003QJD6.1/2019-06-02/North_America/15678/D8;PP_003LD9T.1/2019-08-08/North_America/450/D8;PP_003PV2K.1/2019-08-08/North_America/15678/D8;PP_003L1FT.1/2019-08-15/North_America/450/D8;PP_003KEL5.1/2019-09-15/North_America/450/D8;PP_003QCY7.1/2023-04-10/North_America/450/D8;PP_003QCUF.1/2023-05-05/North_America/450/D8,2019-05-15;2019-06-02;2019-08-08;2019-08-08;2019-08-15;2019-09-15;2023-04-10;2023-05-05
cluster_203,Oceania,2019-03-28,2019.238356,1,2019-03-28,2019-03-28,PP_003PX1K.1/2019-03-29/North_America/15678/B3,2019-03-29
cluster_204,Europe,2019-04-14,2019.284932,1,2019-04-14,2019-04-14,PP_003LD27.1/2019-04-15/North_America/450/B3,2019-04-15
cluster_205,Asia,2019-05-08,2019.350685,1,2019-05-08,2019-05-08,PP_003PUU1.1/2019-05-09/North_America/15678/B3,2019-05-09
cluster_206,South_America,2019-05-14,2019.367123,1,2019-05-14,2019-05-14,PP_003KC70.1/2019-05-15/North_America/450/D8,2019-05-15
cluster_207,Asia,2019-05-14,2019.367123,1,2019-05-14,2019-05-14,PP_003KE52.1/2019-05-15/North_America/450/D8,2019-05-15
cluster_208,Asia,2019-05-23,2019.391781,1,2019-05-23,2019-05-23,PP_003PVU0.1/2019-05-24/North_America/15678/D8,2019-05-24
cluster_209,Oceania,2019-06-15,2019.454795,1,2019-06-15,2019-06-15,PP_003PX0M.1/2019-06-16/North_America/15678/D8,2019-06-16
cluster_210,Europe,2019-06-19,2019.464501,1,2020-01-15,2020-01-15,PP_003L9RY.1/2020-01-15/North_America/450/B3,2020-01-15
cluster_211,Europe,2019-06-28,2019.490411,1,2019-06-28,2019-06-28,PP_003LCQX.1/2019-06-29/North_America/450/D8,2019-06-29
cluster_212,Europe,2019-09-10,2019.692491,11,2020-02-14,2021-10-24,PP_003L9US.1/2020-02-15/North_America/450/B3;PP_003ND07.1/2021-09-15/North_America/450/B3;PP_003NGEA.1/2021-09-15/North_America/450/B3;PP_003P8H9.1/2021-09-17/North_America/15872/B3;PP_003P9RS.1/2021-09-17/North_America/450/B3;PP_003P87W.1/2021-09-19/North_America/15873/B3;PP_003P9TN.1/2021-09-22/North_America/450/B3;PP_003P99R.1/2021-09-27/North_America/15881/B3;PP_003P9K4.1/2021-09-30/North_America/15872/B3;PP_003PAUK.1/2021-10-25/North_America/450/B3;PP_003PAYB.1/2021-10-25/North_America/450/B3,2020-02-15;2021-09-15;2021-09-15;2021-09-17;2021-09-17;2021-09-19;2021-09-22;2021-09-27;2021-09-30;2021-10-25;2021-10-25
cluster_213,Europe,2019-09-16,2019.707379,52,2021-03-15,2024-02-05,PP_003N2YM.1/2021-03-15/North_America/450/B3;PP_003P8VK.1/2021-09-04/North_America/15873/B3;PP_003P8DJ.1/2021-09-08/North_America/15878/B3;PP_003NB6X.1/2021-09-15/North_America/450/B3;PP_003NCYB.1/2021-09-15/North_America/450/B3;PP_003NCZ9.1/2021-09-15/North_America/450/B3;PP_003ND23.1/2021-09-15/North_America/450/B3;PP_003ND31.1/2021-09-15/North_America/450/B3;PP_003ND5X.1/2021-09-15/North_America/450/B3;PP_003NG04.1/2021-09-15/North_America/450/B3;PP_003NG4W.1/2021-09-15/North_America/450/B3;PP_003NG5U.1/2021-09-15/North_America/450/B3;PP_003NG9L.1/2021-09-15/North_America/450/B3;PP_003NGBG.1/2021-09-15/North_America/450/B3;PP_003NGCE.1/2021-09-15/North_America/450/B3;PP_003NGDC.1/2021-09-15/North_America/450/B3;PP_003NGG6.1/2021-09-15/North_America/450/B3;PP_003NGKZ.1/2021-09-15/North_America/450/B3;PP_003NHCD.1/2021-09-15/North_America/450/B3;PP_003P8XF.1/2021-09-16/North_America/15880/B3;PP_003P89S.1/2021-09-17/North_America/15873/B3;PP_003P8AQ.1/2021-09-17/North_America/15868/B3;PP_003P9VJ.1/2021-09-22/North_America/450/B3;PP_003P9WG.1/2021-09-22/North_America/450/B3;PP_003P9YC.1/2021-09-22/North_America/450/B3;PP_003P9ZA.1/2021-09-22/North_America/450/B3;PP_003P925.1/2021-09-25/North_America/15850/B3;PP_003P9CK.1/2021-09-29/North_America/15881/B3;PP_003P9EF.1/2021-09-30/North_America/15869/B3;PP_003P8K5.1/2021-10-01/North_America/15882/B3;PP_003NHBF.1/2021-10-15/North_America/450/B3;PP_003PANX.1/2021-10-25/North_America/450/B3;PP_003PAQT.1/2021-10-25/North_America/450/B3;PP_003PASP.1/2021-10-25/North_America/450/B3;PP_003PATM.1/2021-10-25/North_America/450/B3;PP_003PAWF.1/2021-10-25/North_America/450/B3;PP_003Q9RQ.1/2022-06-10/North_America/450/B3;PP_003Q9MY.1/2022-08-14/North_America/450/B3;PP_003Q9UJ.1/2022-08-21/North_America/450/B3;PP_003Q9XC.1/2022-08-29/North_America/450/B3;PP_003QA14.1/2022-09-17/North_America/450/B3;PP_003Q9YA.1/2022-09-23/North_America/450/B3;PP_003QA7S.1/2022-10-08/North_America/450/B3;PP_003QAFA.1/2022-11-09/North_America/450/B3;PP_003QAMX.1/2022-11-10/North_America/450/B3;PP_003QASM.1/2022-11-17/North_America/450/B3;PP_003QBLY.1/2022-11-27/North_America/450/B3;PP_003QCF8.1/2022-12-28/North_America/450/B3;PP_003QCG6.1/2023-05-18/North_America/450/B3;PP_003QCJ1.1/2023-05-31/North_America/450/B3;PP_003QCKZ.1/2023-06-08/North_America/450/B3;PP_003R0CQ.1/2024-02-06/North_America/450/B3,2021-03-15;2021-09-04;2021-09-08;2021-09-15;2021-09-15;2021-09-15;2021-09-15;2021-09-15;2021-09-15;2021-09-15;2021-09-15;2021-09-15;2021-09-15;2021-09-15;2021-09-15;2021-09-15;2021-09-15;2021-09-15;2021-09-15;2021-09-16;2021-09-17;2021-09-17;2021-09-22;2021-09-22;2021-09-22;2021-09-22;2021-09-25;2021-09-29;2021-09-30;2021-10-01;2021-10-15;2021-10-25;2021-10-25;2021-10-25;2021-10-25;2021-10-25;2022-06-10;2022-08-14;2022-08-21;2022-08-29;2022-09-17;2022-09-23;2022-10-08;2022-11-09;2022-11-10;2022-11-17;2022-11-27;2022-12-28;2023-05-18;2023-05-31;2023-06-08;2024-02-06
cluster_214,Europe,2019-09-30,2019.745205,1,2019-09-30,2019-09-30,PP_003LDPY.1/2019-09-30/North_America/450/B3,2019-09-30
cluster_215,Oceania,2019-10-14,2019.786301,1,2019-10-14,2019-10-14,PP_003KQQM.1/2019-10-15/North_America/450/B3,2019-10-15
cluster_216,Oceania,2019-11-09,2019.854795,1,2019-11-09,2019-11-09,PP_003PVFT.1/2019-11-09/North_America/15678/B3,2019-11-09
cluster_217,Africa,2019-11-24,2019.897448,1,2025-02-10,2025-02-10,PP_003RAKZ.1/2025-02-10/North_America/15678/A,2025-02-10
cluster_218,Oceania,2019-12-15,2019.953425,1,2019-12-15,2019-12-15,PP_003L12K.1/2019-12-15/North_America/450/B3,2019-12-15
cluster_219,Oceania,2019-12-15,2019.953425,1,2019-12-15,2019-12-15,PP_003L9ZG.1/2019-12-15/North_America/450/B3,2019-12-15
cluster_220,Oceania,2020-02-03,2020.090164,1,2020-02-03,2020-02-03,PP_003PWT1.1/2020-02-03/North_America/15678/D8,2020-02-03
cluster_221,South_America,2020-07-08,2020.518827,122,2023-12-18,2025-10-31,PP_003QD4V.1/2023-12-18/North_America/450/D8;PP_003QD5T.1/2023-12-20/North_America/450/D8;PP_003R1DM.1/2024-02-17/North_America/450/D8;PP_003QY0J.1/2024-02-29/North_America/450/D8;PP_003QXWS.1/2024-04-03/North_America/450/D8;PP_003R17Z.1/2024-07-06/North_America/450/D8;PP_003QXVU.1/2024-07-09/North_America/450/D8;PP_003QZVS.1/2024-07-11/North_America/450/D8;PP_003QV85.1/2024-07-29/North_America/450/D8;PP_003QVGP.1/2024-07-29/North_America/450/D8;PP_003R09W.1/2024-07-29/North_America/450/D8;PP_003QZWQ.1/2024-10-07/North_America/450/D8;PP_003QZXN.1/2024-10-15/North_America/450/D8;PP_003QUXT.1/2024-11-24/North_America/450/D8;PP_003R3L4.1/2025-01-27/North_America/450/D8;PP_003R1RW.1/2025-01-28/North_America/450/D8;PP_003R3M2.1/2025-01-30/North_America/450/D8;PP_003R3WJ.1/2025-02-01/North_America/450/D8;PP_003R3XG.1/2025-02-01/North_America/450/D8;PP_003R3PY.1/2025-02-03/North_America/450/D8;PP_003R3VL.1/2025-02-03/North_America/450/D8;PP_003R3SS.1/2025-02-04/North_America/450/D8;PP_003R3UN.1/2025-02-04/North_America/450/D8;PP_003R3YE.1/2025-02-06/North_America/450/D8;PP_003R40A.1/2025-02-07/North_America/450/D8;PP_003R252.1/2025-02-09/North_America/450/D8;PP_003R4BN.1/2025-02-10/North_America/450/D8;PP_003R244.1/2025-02-11/North_America/450/D8;PP_003R434.1/2025-02-11/North_America/450/D8;PP_003R4DJ.1/2025-02-11/North_America/450/D8;PP_003R4EG.1/2025-02-11/North_America/450/D8;PP_003R4FE.1/2025-02-11/North_America/450/D8;PP_003R3TQ.1/2025-02-12/North_America/450/D8;PP_003R4H9.1/2025-02-12/North_America/450/D8;PP_003R48U.1/2025-02-15/North_America/450/D8;PP_003R49S.1/2025-02-15/North_America/450/D8;PP_003R228.1/2025-02-16/North_America/450/D8;PP_003R4K5.1/2025-02-16/North_America/450/D8;PP_003R5DH.1/2025-02-16/North_America/450/D8;PP_003R5EF.1/2025-02-16/North_America/450/D8;PP_003R4WH.1/2025-02-17/North_America/450/D8;PP_003R57V.1/2025-02-17/North_America/450/D8;PP_003R4L3.1/2025-02-18/North_America/450/D8;PP_003R4NZ.1/2025-02-18/North_America/450/D8;PP_003R4YD.1/2025-02-18/North_America/450/D8;PP_003R5GB.1/2025-02-18/North_America/450/D8;PP_003R4SR.1/2025-02-19/North_America/450/D8;PP_003R4ZB.1/2025-02-19/North_America/450/D8;PP_003R517.1/2025-02-19/North_America/450/D8;PP_003R4M1.1/2025-02-20/North_America/450/D8;PP_003R509.1/2025-02-20/North_America/450/D8;PP_003R533.1/2025-02-20/North_America/450/D8;PP_003R56X.1/2025-02-20/North_America/450/D8;PP_003R59R.1/2025-02-20/North_America/450/D8;PP_003R5AP.1/2025-02-21/North_America/450/D8;PP_003R4XF.1/2025-02-22/North_America/450/D8;PP_003R4AQ.1/2025-02-24/North_America/450/D8;PP_003R5QU.1/2025-02-27/North_America/450/D8;PP_003R5RS.1/2025-02-27/North_America/450/D8;PP_003R5NY.1/2025-02-28/North_America/450/D8;PP_003R5PW.1/2025-02-28/North_America/450/D8;PP_003R5TN.1/2025-02-28/North_America/450/D8;PP_003R27Y.1/2025-03-01/North_America/450/D8;PP_003R2K7.1/2025-03-01/North_America/450/D8;PP_003R5SQ.1/2025-03-02/North_America/450/D8;PP_003R5J6.1/2025-03-03/North_America/450/D8;PP_003R260.1/2025-03-04/North_America/450/D8;PP_003R5K4.1/2025-03-04/North_America/450/D8;PP_003R5UL.1/2025-03-04/North_America/450/D8;PP_003R1YG.1/2025-03-05/North_America/450/D8;PP_003R2ZD.1/2025-03-05/North_America/450/D8;PP_003R30B.1/2025-03-05/North_America/450/D8;PP_003R319.1/2025-03-05/North_America/450/D8;PP_003R5L2.1/2025-03-05/North_America/450/D8;PP_003R20C.1/2025-03-06/North_America/450/D8;PP_003R2M3.1/2025-03-06/North_America/450/D8;PP_003R39T.1/2025-03-10/North_America/450/D8;PP_003R3BP.1/2025-03-10/North_America/450/D8;PP_003R3CM.1/2025-03-12/North_America/450/D8;PP_003R3FF.1/2025-03-12/North_America/450/D8;PP_003R2UP.1/2025-03-14/North_America/450/D8;PP_003R36Z.1/2025-03-15/North_America/450/D8;PP_003R38V.1/2025-03-17/North_America/450/D8;PP_003R3J8.1/2025-03-17/North_America/450/D8;PP_003R2GE.1/2025-03-20/North_America/450/D8;PP_003R2DL.1/2025-03-21/North_America/450/D8;PP_003R640.1/2025-04-08/North_America/450/D8;PP_003R65Y.1/2025-04-09/North_America/450/D8;PP_003RARM.2/2025-06-01/North_America/15471/D8;PP_003WP0F.2/2025-08-01/North_America/15771/D8;PP_003WP55.2/2025-08-01/North_America/15832/D8;PP_0049CD8.2/2025-08-01/North_America/15471/D8;PP_0049CBC.2/2025-09-01/North_America/15471/D8;PP_0049CHZ.2/2025-09-01/North_America/15792/D8;PP_0049CJX.2/2025-09-01/North_America/15471/D8;PP_0049CKV.2/2025-09-01/North_America/15771/D8;PP_0049CLT.2/2025-09-01/North_America/15761/D8;PP_0049MDZ.2/2025-09-01/North_America/15471/D8;PP_004A5F9.2/2025-09-01/North_America/15471/D8;PP_004A5H4.2/2025-09-01/North_America/15775/D8;PP_004A5K0.2/2025-09-01/North_America/15771/D8;PP_004C7MQ.1/2025-10-01/North_America/15761/D8;PP_004C7NN.1/2025-10-01/North_America/15772/D8;PP_004C7QJ.1/2025-10-01/North_America/15471/D8;PP_004C7SE.1/2025-10-01/North_America/15471/D8;PP_004C7TC.1/2025-10-01/North_America/15761/D8;PP_004C7UA.1/2025-10-01/North_America/15768/D8;PP_004C7V8.1/2025-10-01/North_America/15771/D8;PP_004C7W6.1/2025-10-01/North_America/15824/D8;PP_004CYNX.1/2025-10-01/North_America/15471/D8;PP_004CYPV.1/2025-10-01/North_America/15471/D8;PP_004CYRR.1/2025-10-01/North_America/15769/D8;PP_004D4D8.1/2025-10-01/North_America/15471/D8;PP_004D4E6.1/2025-10-01/North_America/15771/D8;PP_004D4G2.1/2025-10-01/North_America/15771/D8;PP_004D7AB.1/2025-10-01/North_America/15769/D8;PP_004D7B9.1/2025-10-01/North_America/15822/D8;PP_004D7C7.1/2025-10-01/North_America/15771/D8;PP_004D7JU.1/2025-10-01/North_America/15832/D8;PP_004C6JX.1/2025-10-06/North_America/15894/D8;PP_004D7F1.1/2025-11-01/North_America/15832/D8;PP_004D7GZ.1/2025-11-01/North_America/15832/D8,2023-12-18;2023-12-20;2024-02-17;2024-02-29;2024-04-03;2024-07-06;2024-07-09;2024-07-11;2024-07-29;2024-07-29;2024-07-29;2024-10-07;2024-10-15;2024-11-24;2025-01-27;2025-01-28;2025-01-30;2025-02-01;2025-02-01;2025-02-03;2025-02-03;2025-02-04;2025-02-04;2025-02-06;2025-02-07;2025-02-09;2025-02-10;2025-02-11;2025-02-11;2025-02-11;2025-02-11;2025-02-11;2025-02-12;2025-02-12;2025-02-15;2025-02-15;2025-02-16;2025-02-16;2025-02-16;2025-02-16;2025-02-17;2025-02-17;2025-02-18;2025-02-18;2025-02-18;2025-02-18;2025-02-19;2025-02-19;2025-02-19;2025-02-20;2025-02-20;2025-02-20;2025-02-20;2025-02-20;2025-02-21;2025-02-22;2025-02-24;2025-02-27;2025-02-27;2025-02-28;2025-02-28;2025-02-28;2025-03-01;2025-03-01;2025-03-02;2025-03-03;2025-03-04;2025-03-04;2025-03-04;2025-03-05;2025-03-05;2025-03-05;2025-03-05;2025-03-05;2025-03-06;2025-03-06;2025-03-10;2025-03-10;2025-03-12;2025-03-12;2025-03-14;2025-03-15;2025-03-17;2025-03-17;2025-03-20;2025-03-21;2025-04-08;2025-04-09;2025-06-01;2025-08-01;2025-08-01;2025-08-01;2025-09-01;2025-09-01;2025-09-01;2025-09-01;2025-09-01;2025-09-01;2025-09-01;2025-09-01;2025-09-01;2025-10-01;2025-10-01;2025-10-01;2025-10-01;2025-10-01;2025-10-01;2025-10-01;2025-10-01;2025-10-01;2025-10-01;2025-10-01;2025-10-01;2025-10-01;2025-10-01;2025-10-01;2025-10-01;2025-10-01;2025-10-01;2025-10-06;2025-11-01;2025-11-01
cluster_222,Asia,2020-07-20,2020.550802,17,2021-09-08,2025-03-17,PP_003P9H8.1/2021-09-08/North_America/450/B3;PP_003NFZ6.1/2021-09-15/North_America/450/B3;PP_003NHG5.1/2021-09-15/North_America/450/B3;PP_003P8J7.1/2021-09-18/North_America/15870/B3;PP_003P9SQ.1/2021-09-22/North_America/450/B3;PP_003P8QV.1/2021-10-04/North_America/15881/B3;PP_003P8M1.1/2021-10-12/North_America/15867/B3;PP_003QGX5.1/2022-03-12/North_America/450/B3;PP_003QH6M.1/2023-10-02/North_America/450/B3;PP_003QVT0.1/2024-01-14/North_America/450/B3;PP_003QXUW.1/2024-01-31/North_America/450/B3;PP_003R137.1/2024-09-19/North_America/450/B3;PP_003QVA1.1/2024-12-03/North_America/450/B3;PP_003R1K8.1/2025-02-11/North_America/450/B3;PP_003R1TS.1/2025-02-21/North_America/450/B3;PP_003R2HB.1/2025-02-26/North_America/450/B3;PP_003R1JA.1/2025-03-18/North_America/450/B3,2021-09-08;2021-09-15;2021-09-15;2021-09-18;2021-09-22;2021-10-04;2021-10-12;2022-03-12;2023-10-02;2024-01-14;2024-01-31;2024-09-19;2024-12-03;2025-02-11;2025-02-21;2025-02-26;2025-03-18
cluster_223,Europe,2021-04-14,2021.284932,1,2021-04-14,2021-04-14,PP_003N2ZK.1/2021-04-15/North_America/450/B3,2021-04-15
cluster_224,Europe,2021-04-16,2021.290244,5,2021-09-15,2021-10-24,PP_003NFVE.1/2021-09-15/North_America/450/B3;PP_003NFWC.1/2021-09-15/North_America/450/B3;PP_003P9L2.1/2021-09-29/North_America/15874/B3;PP_003P9GB.1/2021-10-02/North_America/15873/B3;PP_003PARR.1/2021-10-25/North_America/450/B3,2021-09-15;2021-09-15;2021-09-29;2021-10-02;2021-10-25
cluster_225,Europe,2021-07-05,2021.509091,5,2024-02-05,2025-03-06,PP_003QZQ2.1/2024-02-05/North_America/450/B3;PP_003QY3C.1/2024-05-14/North_America/450/B3;PP_003QZN6.1/2024-11-22/North_America/450/B3;PP_003R1N2.1/2025-02-28/North_America/450/B3;PP_003R1HC.1/2025-03-07/North_America/450/B3,2024-02-05;2024-05-14;2024-11-22;2025-02-28;2025-03-07
cluster_226,Asia,2022-02-04,2022.093151,1,2022-02-04,2022-02-04,PP_003QC9L.1/2022-02-04/North_America/450/B3,2022-02-04
cluster_227,Oceania,2022-12-10,2022.940659,1,2023-03-22,2023-03-22,PP_003QCSK.1/2023-03-22/North_America/450/D8,2023-03-22
cluster_228,Asia,2022-12-17,2022.959971,2,2023-01-19,2023-04-19,PP_003QCPR.1/2023-01-20/North_America/450/D8;PP_003QH3T.1/2023-04-20/North_America/450/D8,2023-01-20;2023-04-20
cluster_229,Europe,2023-01-10,2023.026286,16,2023-12-22,2025-03-05,PP_003QHAD.1/2023-12-23/North_America/450/B3;PP_003R0HD.1/2024-02-01/North_America/450/B3;PP_003QZSY.1/2024-02-17/North_America/450/B3;PP_003QV1K.1/2024-02-18/North_America/450/B3;PP_003QVET.1/2024-03-05/North_America/450/B3;PP_003R0FJ.1/2024-03-13/North_America/450/B3;PP_003R00E.1/2024-03-22/North_America/450/B3;PP_003R054.1/2024-05-24/North_America/450/B3;PP_003QZTW.1/2024-06-03/North_America/450/B3;PP_003QUHM.1/2024-06-17/North_America/450/B3;PP_003R0P1.1/2024-07-19/North_America/450/B3;PP_003R0SV.1/2024-07-22/North_America/450/B3;PP_003R0RX.1/2024-07-23/North_America/450/B3;PP_003R0XK.1/2024-08-07/North_America/450/B3;PP_003R0YH.1/2024-08-16/North_America/450/B3;PP_003R29U.1/2025-03-06/North_America/450/B3,2023-12-23;2024-02-01;2024-02-17;2024-02-18;2024-03-05;2024-03-13;2024-03-22;2024-05-24;2024-06-03;2024-06-17;2024-07-19;2024-07-22;2024-07-23;2024-08-07;2024-08-16;2025-03-06
cluster_230,Europe,2023-01-18,2023.048174,1,2023-09-16,2023-09-16,PP_003QCVD.1/2023-09-17/North_America/450/D8,2023-09-17
cluster_231,Europe,2023-02-09,2023.109467,3,2023-12-27,2024-02-23,PP_003QD03.1/2023-12-28/North_America/450/D8;PP_003QVQ6.1/2024-02-21/North_America/450/D8;PP_003QVR4.1/2024-02-23/North_America/450/D8,2023-12-28;2024-02-21;2024-02-23
cluster_232,Europe,2023-02-15,2023.123288,1,2023-02-15,2023-02-15,PP_003QH1X.1/2023-02-15/North_America/450/D8,2023-02-15
cluster_233,Asia,2023-02-25,2023.150715,2,2023-04-06,2023-04-11,PP_003QCX9.1/2023-04-06/North_America/450/D8;PP_003QH2V.1/2023-04-11/North_America/450/D8,2023-04-06;2023-04-11
cluster_234,Europe,2023-03-07,2023.178884,4,2024-01-03,2024-03-03,PP_003QD11.1/2024-01-04/North_America/450/D8;PP_003R18X.1/2024-01-28/North_America/450/D8;PP_003QVBZ.1/2024-01-30/North_America/450/D8;PP_003QXP6.1/2024-03-03/North_America/450/D8,2024-01-04;2024-01-28;2024-01-30;2024-03-03
cluster_235,Europe,2023-04-14,2023.282192,1,2023-04-14,2023-04-14,PP_003QCTH.1/2023-04-14/North_America/450/D8,2023-04-14
cluster_236,Europe,2023-04-28,2023.321022,29,2024-02-19,2024-09-05,PP_003QXS0.1/2024-02-20/North_America/450/D8;PP_003QXTY.1/2024-02-20/North_America/450/D8;PP_003QW4C.1/2024-03-12/North_America/450/D8;PP_003QWP7.1/2024-03-21/North_America/450/D8;PP_003QWHK.1/2024-03-22/North_America/450/D8;PP_003QWTZ.1/2024-03-24/North_America/450/D8;PP_003QWUX.1/2024-03-24/North_America/450/D8;PP_003QWVV.1/2024-03-24/North_America/450/D8;PP_003QWZM.1/2024-03-24/North_America/450/D8;PP_003QX75.1/2024-03-24/North_America/450/D8;PP_003QWXR.1/2024-03-25/North_America/450/D8;PP_003QXDT.1/2024-03-31/North_America/450/D8;PP_003QXBX.1/2024-04-02/North_America/450/D8;PP_003QXGM.1/2024-04-09/North_America/450/D8;PP_003QXLC.1/2024-04-11/North_America/450/D8;PP_003QXMA.1/2024-04-14/North_America/450/D8;PP_003QXN8.1/2024-04-19/North_America/450/D8;PP_003QUZP.1/2024-05-15/North_America/450/D8;PP_003QY58.1/2024-05-22/North_America/450/D8;PP_003QYEQ.1/2024-07-29/North_America/450/D8;PP_003QYP5.1/2024-08-13/North_America/450/D8;PP_003QYN7.1/2024-08-19/North_America/450/D8;PP_003QYQ3.1/2024-08-19/North_America/450/D8;PP_003QYR1.1/2024-08-19/North_America/450/D8;PP_003QYTX.1/2024-08-19/North_America/450/D8;PP_003QYUV.1/2024-08-22/North_America/450/D8;PP_003QZ49.1/2024-09-06/North_America/450/D8;PP_003QZ65.1/2024-09-06/North_America/450/D8;PP_003QZ9Z.1/2024-09-06/North_America/450/D8,2024-02-20;2024-02-20;2024-03-12;2024-03-21;2024-03-22;2024-03-24;2024-03-24;2024-03-24;2024-03-24;2024-03-24;2024-03-25;2024-03-31;2024-04-02;2024-04-09;2024-04-11;2024-04-14;2024-04-19;2024-05-15;2024-05-22;2024-07-29;2024-08-13;2024-08-19;2024-08-19;2024-08-19;2024-08-19;2024-08-22;2024-09-06;2024-09-06;2024-09-06
cluster_237,Africa,2023-07-18,2023.542723,2,2023-10-09,2025-01-12,PP_003QH8H.1/2023-10-10/North_America/450/B3;PP_003R1GF.1/2025-01-13/North_America/450/B3,2023-10-10;2025-01-13
cluster_238,Asia,2023-08-16,2023.623465,1,2024-07-02,2024-07-02,PP_003R0GG.1/2024-07-02/North_America/450/B3,2024-07-02
cluster_239,Europe,2023-09-19,2023.716278,10,2024-03-10,2024-09-05,PP_003QW1J.1/2024-03-10/North_America/450/D8;PP_003QW68.1/2024-03-17/North_America/450/D8;PP_003QXER.1/2024-04-03/North_America/450/D8;PP_003QY82.1/2024-06-27/North_America/450/D8;PP_003QYAY.1/2024-07-23/North_America/450/D8;PP_003QYSZ.1/2024-08-19/North_America/450/D8;PP_003QYXP.1/2024-08-28/North_America/450/D8;PP_003QYZK.1/2024-08-28/North_America/450/D8;PP_003QZAX.1/2024-09-05/North_America/450/D8;PP_003QZ57.1/2024-09-06/North_America/450/D8,2024-03-10;2024-03-17;2024-04-03;2024-06-27;2024-07-23;2024-08-19;2024-08-28;2024-08-28;2024-09-05;2024-09-06
cluster_240,Europe,2023-10-09,2023.772603,1,2023-10-09,2023-10-09,PP_003QH7K.1/2023-10-10/North_America/450/B3,2023-10-10
cluster_241,Europe,2023-11-08,2023.852706,2,2024-01-24,2024-07-16,PP_003QVWU.1/2024-01-25/North_America/450/B3;PP_003R0M5.1/2024-07-17/North_America/450/B3,2024-01-25;2024-07-17
cluster_242,Europe,2024-01-03,2024.008197,1,2024-01-03,2024-01-03,PP_003QD3X.1/2024-01-04/North_America/450/D8,2024-01-04
cluster_243,Europe,2024-01-14,2024.036821,2,2024-03-12,2024-03-19,PP_003QW3E.1/2024-03-13/North_America/450/D8;PP_003QWQ5.1/2024-03-20/North_America/450/D8,2024-03-13;2024-03-20
cluster_244,Asia,2024-01-31,2024.084699,1,2024-01-31,2024-01-31,PP_003QVCX.1/2024-02-01/North_America/450/D8,2024-02-01
cluster_245,Europe,2024-02-26,2024.153326,2,2024-03-19,2024-03-22,PP_003QW92.1/2024-03-20/North_America/450/D8;PP_003QWES.1/2024-03-22/North_America/450/D8,2024-03-20;2024-03-22
cluster_246,Europe,2024-03-18,2024.210383,1,2024-03-18,2024-03-18,PP_003QX1H.1/2024-03-18/North_America/450/D8,2024-03-18
cluster_247,Europe,2024-03-18,2024.213115,1,2024-03-18,2024-03-18,PP_003QWWT.1/2024-03-19/North_America/450/D8,2024-03-19
cluster_248,Europe,2024-03-20,2024.218579,1,2024-03-20,2024-03-20,PP_003QVFR.1/2024-03-21/North_America/450/D8,2024-03-21
cluster_249,Africa,2024-04-21,2024.303279,1,2024-04-21,2024-04-21,PP_003R161.1/2024-04-21/North_America/450/B3,2024-04-21
cluster_250,Europe,2024-05-07,2024.346995,1,2024-05-07,2024-05-07,PP_003QV4D.1/2024-05-07/North_America/450/D8,2024-05-07
cluster_251,Europe,2024-05-28,2024.40502,2,2024-07-11,2024-07-16,PP_003R10D.1/2024-07-12/North_America/450/D8;PP_003QV77.1/2024-07-16/North_America/450/D8,2024-07-12;2024-07-16
cluster_252,South_America,2024-06-13,2024.448939,2,2024-08-12,2024-09-02,PP_003QYM9.1/2024-08-12/North_America/450/D8;PP_003R0EL.1/2024-09-02/North_America/450/D8,2024-08-12;2024-09-02
cluster_253,Europe,2024-07-02,2024.5,1,2024-07-02,2024-07-02,PP_003R1CP.1/2024-07-02/North_America/450/D8,2024-07-02
cluster_254,Africa,2024-07-11,2024.527322,1,2024-07-11,2024-07-11,PP_003R070.1/2024-07-12/North_America/450/B3,2024-07-12
cluster_255,Africa,2024-07-11,2024.527322,1,2024-07-11,2024-07-11,PP_003R08Y.1/2024-07-12/North_America/450/B3,2024-07-12
cluster_256,Africa,2024-08-14,2024.620219,1,2024-08-14,2024-08-14,PP_003QVUY.1/2024-08-15/North_America/450/B3,2024-08-15
cluster_257,Asia,2024-08-28,2024.656815,2,2025-02-10,2025-03-12,PP_003RANT.1/2025-02-10/North_America/450/A;PP_003RAMV.1/2025-03-13/North_America/15678/A,2025-02-10;2025-03-13
