clade_id,source_continent,root_date,intro_month,cluster_size,size_category,persistence_days,most_recent_tip,root_absolute_time
1,Europe,2008-02-01,Feb,2,2-4,390.14,2009-02-26,2008.085287
2,Europe,2011-03-12,Mar,2,2-4,94.93,2011-06-15,2011.192152
3,Africa,2011-03-29,Mar,4,2-4,231.02,2011-11-15,2011.238726
4,Europe,2010-03-18,Mar,122,10+,759.09,2012-04-15,2010.208617
5,Europe,2011-01-03,Jan,1,Singleton,0.0,2011-01-03,2011.005899
6,Africa,2011-07-15,Jul,1,Singleton,116.83,2011-11-09,2011.53492
7,Europe,2008-12-08,Dec,13,10+,2229.4,2015-01-14,2008.934605
8,Europe,2011-05-24,May,2,2-4,23.22,2011-06-16,2011.393953
9,Europe,2010-12-16,Dec,6,5-9,180.7,2011-06-15,2010.957327
10,Europe,2008-10-25,Oct,2,2-4,48.75,2008-12-12,2008.814623
11,Europe,2010-12-11,Dec,1,Singleton,65.72,2011-02-15,2010.943359
12,Europe,2005-06-15,Jun,1,Singleton,303.76,2006-04-14,2005.453294
13,Europe,2007-06-26,Jun,2,2-4,83.09,2007-09-18,2007.484845
14,Europe,2009-09-19,Sep,2,2-4,634.33,2011-06-15,2009.715344
15,Asia,1999-08-11,Aug,3,2-4,3198.06,2008-05-14,1999.61031
16,Europe,2008-04-21,Apr,1,Singleton,77.77,2008-07-08,2008.303476
17,Asia,2007-05-29,May,4,2-4,366.35,2008-05-29,2007.406821
18,Asia,2010-01-22,Jan,1,Singleton,112.71,2010-05-14,2010.058548
19,Oceania,2013-11-19,Nov,13,10+,238.09,2014-07-14,2013.882385
20,Europe,2011-03-19,Mar,2,2-4,26.47,2011-04-14,2011.212471
21,Asia,2010-04-20,Apr,1,Singleton,512.66,2011-09-15,2010.30053
22,Asia,2010-08-25,Aug,3,2-4,173.18,2011-02-15,2010.649144
23,Asia,2014-04-01,Apr,2,2-4,74.31,2014-06-15,2014.248601
24,Europe,2015-01-07,Jan,1,Singleton,66.35,2015-03-15,2015.018332
25,Asia,2011-08-19,Aug,2,2-4,239.75,2012-04-15,2011.630477
26,Asia,2011-02-27,Feb,3,2-4,199.77,2011-09-15,2011.157159
27,Asia,2014-02-17,Feb,3,2-4,86.31,2014-05-14,2014.130824
28,Oceania,2013-07-07,Jul,3,2-4,38.97,2013-08-15,2013.512473
29,Oceania,2014-09-11,Sep,4,2-4,156.53,2015-02-15,2014.694725
30,Europe,2007-10-22,Oct,4,2-4,1270.02,2011-04-14,2007.807813
31,Oceania,2013-01-19,Jan,1,Singleton,85.98,2013-04-14,2013.049534
32,Asia,2014-12-31,Dec,1,Singleton,14.18,2015-01-14,2014.999536
33,Asia,2014-10-24,Oct,1,Singleton,51.97,2014-12-15,2014.811139
34,Oceania,2013-02-26,Feb,5,5-9,687.79,2015-01-14,2013.155302
35,Oceania,2013-09-10,Sep,1,Singleton,246.71,2014-05-14,2013.691673
36,Europe,2012-06-16,Jun,2,2-4,109.16,2012-10-03,2012.457971
37,Europe,2013-06-15,Jun,2,2-4,29.9,2013-07-14,2013.452392
38,Europe,2012-06-30,Jun,1,Singleton,45.32,2012-08-14,2012.49615
39,Asia,2014-01-05,Jan,1,Singleton,100.03,2014-04-14,2014.011062
40,Asia,2013-02-26,Feb,3,2-4,77.5,2013-05-14,2013.154936
41,Europe,2013-03-15,Mar,2,2-4,30.86,2013-04-14,2013.200448
42,Europe,2012-01-14,Jan,11,10+,821.13,2014-04-14,2012.036795
43,Asia,2018-01-30,Jan,1,Singleton,104.26,2018-05-14,2018.081663
44,Asia,2013-03-28,Mar,3,2-4,47.24,2013-05-14,2013.237789
45,Europe,2013-12-29,Dec,4,2-4,107.06,2014-04-14,2013.991818
46,Europe,2015-03-04,Mar,3,2-4,133.04,2015-07-14,2015.169996
47,Asia,2009-04-19,Apr,1,Singleton,329.99,2010-03-15,2009.29654
48,Asia,2008-11-13,Nov,1,Singleton,131.52,2009-03-25,2008.86732
49,Oceania,2018-07-20,Jul,2,2-4,32.62,2018-08-22,2018.549053
50,Oceania,2016-11-01,Nov,4,2-4,74.56,2017-01-14,2016.834226
51,Europe,2018-01-15,Jan,4,2-4,211.2,2018-08-15,2018.040941
52,Oceania,2022-12-10,Dec,1,Singleton,101.73,2023-03-22,2022.940659
53,South_America,2020-07-08,Jul,122,10+,1940.96,2025-10-31,2020.518827
54,Europe,2023-01-18,Jan,1,Singleton,241.58,2023-09-16,2023.048174
55,Europe,2024-05-28,May,2,2-4,48.66,2024-07-16,2024.40502
56,Oceania,2016-11-21,Nov,1,Singleton,54.4,2017-01-14,2016.889428
57,Oceania,2017-02-10,Feb,5,5-9,550.68,2018-08-15,2017.111497
58,Oceania,2016-04-08,Apr,2,2-4,66.99,2016-06-15,2016.270156
59,Oceania,2018-07-14,Jul,2,2-4,62.64,2018-09-15,2018.532613
60,Oceania,2016-02-02,Feb,8,5-9,347.05,2017-01-14,2016.088195
61,South_America,2018-06-12,Jun,2,2-4,63.36,2018-08-15,2018.445702
62,South_America,2024-06-13,Jun,2,2-4,80.52,2024-09-02,2024.448939
63,Europe,2016-05-07,May,1,Singleton,99.69,2016-08-14,2016.347291
64,Europe,2018-07-15,Jul,1,Singleton,69.49,2018-09-22,2018.535777
65,Oceania,2014-09-25,Sep,2,2-4,50.9,2014-11-15,2014.731888
66,Oceania,2016-05-16,May,2,2-4,29.87,2016-06-15,2016.371774
67,Oceania,2016-03-05,Mar,4,2-4,101.34,2016-06-15,2016.176112
68,Asia,2018-09-16,Sep,5,5-9,322.8,2019-08-05,2018.707999
69,Oceania,2019-02-01,Feb,6,5-9,144.04,2019-06-25,2019.0851
70,Oceania,2019-02-20,Feb,5,5-9,236.6,2019-10-14,2019.138531
71,Europe,2023-02-09,Feb,3,2-4,378.16,2024-02-23,2023.109467
72,Europe,2023-03-07,Mar,4,2-4,361.79,2024-03-03,2023.178884
73,Europe,2023-03-02,Mar,1,Singleton,0.0,2023-03-02,2023.16664
74,Europe,2024-02-26,Feb,2,2-4,24.83,2024-03-22,2024.153326
75,Europe,2023-04-28,Apr,29,10+,496.49,2024-09-05,2023.321022
76,Europe,2023-09-19,Sep,10,10+,352.12,2024-09-05,2023.716278
77,Asia,2015-03-03,Mar,1,Singleton,42.21,2015-04-14,2015.16936
78,Asia,2018-01-29,Jan,14,10+,624.25,2019-10-14,2018.077201
79,Asia,2018-03-29,Mar,15,10+,595.74,2019-11-15,2018.240193
80,Europe,2019-03-24,Mar,8,5-9,1502.8,2023-05-05,2019.225279
81,Asia,2018-06-19,Jun,2,2-4,117.34,2018-10-14,2018.465044
82,Asia,2018-04-01,Apr,8,5-9,469.5,2019-07-14,2018.248813
83,Asia,2019-01-31,Jan,1,Singleton,14.69,2019-02-15,2019.08306
84,Oceania,2018-06-12,Jun,29,10+,551.33,2019-12-15,2018.443962
85,Asia,2017-07-08,Jul,2,2-4,371.57,2018-07-14,2017.516937
86,Europe,2024-01-14,Jan,2,2-4,65.39,2024-03-19,2024.036821
87,Asia,2022-12-17,Dec,2,2-4,123.7,2023-04-19,2022.959971
88,Asia,2023-02-25,Feb,2,2-4,45.02,2023-04-11,2023.150715
89,Oceania,2018-03-13,Mar,2,2-4,32.85,2018-04-14,2018.194981
90,Asia,2015-03-10,Mar,2,2-4,96.92,2015-06-15,2015.186701
91,Europe,2011-03-26,Mar,1,Singleton,49.92,2011-05-14,2011.230444
92,Europe,2010-09-19,Sep,2,2-4,25.3,2010-10-14,2010.717044
93,Asia,2024-08-28,Aug,2,2-4,196.4,2025-03-12,2024.656815
94,Africa,2010-07-27,Jul,6,5-9,841.53,2012-11-14,2010.567603
95,Asia,2013-04-21,Apr,5,5-9,388.67,2014-05-14,2013.303008
96,Oceania,2013-10-31,Oct,2,2-4,226.95,2014-06-15,2013.830709
97,Oceania,2014-11-09,Nov,3,2-4,97.86,2015-02-15,2014.855374
98,Oceania,2013-12-07,Dec,3,2-4,462.55,2015-03-15,2013.9336
99,Oceania,2013-08-04,Aug,1,Singleton,102.63,2013-11-15,2013.590256
100,Europe,2013-07-07,Jul,23,10+,587.61,2015-02-15,2013.514488
101,Europe,2015-07-17,Jul,1,Singleton,0.0,2015-07-17,2015.54143
102,Africa,2010-05-06,May,3,2-4,649.51,2012-02-14,2010.344695
103,Africa,2011-03-10,Mar,3,2-4,796.13,2013-05-14,2011.187451
104,Oceania,2018-01-16,Jan,1,Singleton,88.63,2018-04-14,2018.042281
105,Europe,2019-09-10,Sep,11,10+,774.77,2021-10-24,2019.692491
106,Asia,2016-04-17,Apr,3,2-4,637.5,2018-01-14,2016.292977
107,Africa,2010-07-09,Jul,1,Singleton,36.19,2010-08-15,2010.520101
108,Europe,2013-06-10,Jun,20,10+,615.37,2015-02-15,2013.438499
109,Asia,2017-10-16,Oct,5,5-9,500.28,2019-02-27,2017.789222
110,Oceania,2013-09-30,Sep,7,5-9,287.92,2014-07-14,2013.745956
111,Asia,2017-07-26,Jul,4,2-4,645.18,2019-05-01,2017.565097
112,Asia,2020-07-20,Jul,17,10+,1701.12,2025-03-17,2020.550802
113,Europe,2023-01-10,Jan,16,10+,784.94,2025-03-05,2023.026286
114,Asia,2020-01-20,Jan,1,Singleton,0.0,2020-01-20,2020.054381
115,Europe,2021-07-05,Jul,5,5-9,1340.1,2025-03-06,2021.509091
116,Europe,2021-04-16,Apr,5,5-9,191.19,2021-10-24,2021.290244
117,Europe,2017-03-20,Mar,2,2-4,86.66,2017-06-15,2017.214789
118,Europe,2018-02-16,Feb,1,Singleton,148.38,2018-07-14,2018.128002
119,Oceania,2018-12-19,Dec,7,5-9,238.51,2019-08-15,2018.966182
120,Oceania,2018-10-17,Oct,51,10+,2316.61,2025-02-20,2018.794448
121,Africa,2019-11-24,Nov,1,Singleton,1903.73,2025-02-10,2019.897448
122,Asia,2023-08-16,Aug,1,Singleton,320.15,2024-07-02,2023.623465
123,Africa,2023-07-18,Jul,2,2-4,544.28,2025-01-12,2023.542723
124,Oceania,2016-05-30,May,1,Singleton,45.45,2016-07-15,2016.411082
125,Oceania,2014-02-11,Feb,12,10+,824.04,2016-05-14,2014.11275
126,Europe,2019-06-19,Jun,1,Singleton,209.56,2020-01-15,2019.464501
127,Europe,2016-10-01,Oct,8,5-9,2584.78,2023-10-30,2016.750665
128,Europe,2018-05-26,May,4,2-4,445.79,2019-08-15,2018.39868
129,Europe,2023-11-08,Nov,2,2-4,251.39,2024-07-16,2023.852706
130,Europe,2017-11-07,Nov,6,5-9,829.45,2020-02-14,2017.852041
131,Europe,2019-09-16,Sep,52,10+,1603.81,2024-02-05,2019.707379
132,Asia,2017-03-15,Mar,3,2-4,30.94,2017-04-14,2017.200227
133,Africa,2017-04-27,Apr,1,Singleton,78.52,2017-07-14,2017.319278
134,Europe,2016-11-01,Nov,2,2-4,833.96,2019-02-13,2016.834548
135,Europe,2015-09-16,Sep,1,Singleton,120.71,2016-01-15,2015.707767
136,Africa,2004-12-09,Dec,1,Singleton,0.0,2004-12-09,2004.938708
137,Europe,2010-06-15,Jun,1,Singleton,152.3,2010-11-15,2010.45427
